"TRANSACTION_DATE","QUANTITY","f","STORE_ID","DISCOUNT_PERCENT","PRODUCT_ID","TRANSACTION_ID","To_interger_quantity","to_dec_discount_per","To_Date_VAL","VALID_QUANTITY","VALID_DISCOUNT","VAILD_DATE","VALID_STORE_ID","VALID_PRODUCT_ID"
"3/24/2025","5",,"103","10",,"115931",5,10,"03/24/2025 00:00:00",5,10.00,"03/24/2025 00:00:00",103,
"4/7/2024","5",,,"10","P_005","100024",5,10,"04/07/2024 00:00:00",5,10.00,"04/07/2024 00:00:00",,"P_005"
"2026/13/40","5",,"101","15","P_039","100035",5,15,,5,15.00,,101,"P_039"
"4/12/2024","4",,"104","10",,"100048",4,10,"04/12/2024 00:00:00",4,10.00,"04/12/2024 00:00:00",104,
"4/10/2024","1",,"106","10",,"100059",1,10,"04/10/2024 00:00:00",1,10.00,"04/10/2024 00:00:00",106,
"2026/13/40","4",,"105","10","P_014","100095",4,10,,4,10.00,,105,"P_014"
"2026/13/40","3",,"106","5","P_003","100100",3,5,,3,5.00,,106,"P_003"
"4/22/2024","5",,"102","10",,"100103",5,10,"04/22/2024 00:00:00",5,10.00,"04/22/2024 00:00:00",102,
"4/19/2024","0",,"103","10","P_005","100106",0,10,"04/19/2024 00:00:00",,10.00,"04/19/2024 00:00:00",103,"P_005"
"4/22/2024","5",,"107","150","P_033","100125",5,150,"04/22/2024 00:00:00",5,,"04/22/2024 00:00:00",107,"P_033"
"4/6/2024","2",,"103","150","P_040","100134",2,150,"04/06/2024 00:00:00",2,,"04/06/2024 00:00:00",103,"P_040"
"4/12/2024","4",,"103","150","P_037","100141",4,150,"04/12/2024 00:00:00",4,,"04/12/2024 00:00:00",103,"P_037"
"4/24/2024","3",,"101","5",,"100156",3,5,"04/24/2024 00:00:00",3,5.00,"04/24/2024 00:00:00",101,
"2026/13/40","1",,"103","15","P_049","100178",1,15,,1,15.00,,103,"P_049"
"4/18/2024","3",,"106","20",,"100185",3,20,"04/18/2024 00:00:00",3,20.00,"04/18/2024 00:00:00",106,
"2026/13/40","3",,"107","15","P_007","100191",3,15,,3,15.00,,107,"P_007"
"4/6/2024","3",,"102","5",,"100225",3,5,"04/06/2024 00:00:00",3,5.00,"04/06/2024 00:00:00",102,
"4/14/2024","2",,"105","10",,"100243",2,10,"04/14/2024 00:00:00",2,10.00,"04/14/2024 00:00:00",105,
"4/4/2024","4",,"102","5",,"100277",4,5,"04/04/2024 00:00:00",4,5.00,"04/04/2024 00:00:00",102,
"2026/13/40","4",,"103","0","P_005","100282",4,0,,4,0.00,,103,"P_005"
"4/4/2024","4",,"104","150","P_045","100304",4,150,"04/04/2024 00:00:00",4,,"04/04/2024 00:00:00",104,"P_045"
"4/28/2024","1",,,"10","P_019","100306",1,10,"04/28/2024 00:00:00",1,10.00,"04/28/2024 00:00:00",,"P_019"
"4/28/2024","5",,"106","15",,"100306",5,15,"04/28/2024 00:00:00",5,15.00,"04/28/2024 00:00:00",106,
"4/27/2024","0",,"102","0","P_049","100331",0,0,"04/27/2024 00:00:00",,0.00,"04/27/2024 00:00:00",102,"P_049"
"4/3/2024","1",,"108","5",,"100332",1,5,"04/03/2024 00:00:00",1,5.00,"04/03/2024 00:00:00",108,
"2026/13/40","2",,"107","15","P_027","100354",2,15,,2,15.00,,107,"P_027"
"4/5/2024","1",,"103","150","P_044","100362",1,150,"04/05/2024 00:00:00",1,,"04/05/2024 00:00:00",103,"P_044"
"2026/13/40","4",,"105","10","P_001","100376",4,10,,4,10.00,,105,"P_001"
"2026/13/40","2",,"103","10","P_013","100402",2,10,,2,10.00,,103,"P_013"
"4/29/2024","4",,"101","5",,"100403",4,5,"04/29/2024 00:00:00",4,5.00,"04/29/2024 00:00:00",101,
"4/27/2024","0",,"107","0","P_045","100409",0,0,"04/27/2024 00:00:00",,0.00,"04/27/2024 00:00:00",107,"P_045"
"4/13/2024","1",,,"0","P_017","100410",1,0,"04/13/2024 00:00:00",1,0.00,"04/13/2024 00:00:00",,"P_017"
"2026/13/40","5",,"107","20","P_037","100415",5,20,,5,20.00,,107,"P_037"
"4/7/2024","0",,"101","20","P_013","100438",0,20,"04/07/2024 00:00:00",,20.00,"04/07/2024 00:00:00",101,"P_013"
"2026/13/40","5",,"106","15","P_021","100478",5,15,,5,15.00,,106,"P_021"
"4/27/2024","5",,"107","20",,"100482",5,20,"04/27/2024 00:00:00",5,20.00,"04/27/2024 00:00:00",107,
"4/22/2024","3",,"107","20",,"100485",3,20,"04/22/2024 00:00:00",3,20.00,"04/22/2024 00:00:00",107,
"5/27/2024","1",,"103","150","P_010","100495",1,150,"05/27/2024 00:00:00",1,,"05/27/2024 00:00:00",103,"P_010"
"5/16/2024","3",,"108","5",,"100559",3,5,"05/16/2024 00:00:00",3,5.00,"05/16/2024 00:00:00",108,
"5/22/2024","5",,"102","150","P_039","100564",5,150,"05/22/2024 00:00:00",5,,"05/22/2024 00:00:00",102,"P_039"
"5/11/2024","3",,,"10","P_020","100575",3,10,"05/11/2024 00:00:00",3,10.00,"05/11/2024 00:00:00",,"P_020"
"2026/13/40","1",,"101","20","P_047","100584",1,20,,1,20.00,,101,"P_047"
"5/31/2024","2",,,"10","P_038","100591",2,10,"05/31/2024 00:00:00",2,10.00,"05/31/2024 00:00:00",,"P_038"
"5/25/2024","3",,"105","15",,"100599",3,15,"05/25/2024 00:00:00",3,15.00,"05/25/2024 00:00:00",105,
"5/25/2024","5",,"107","5",,"100602",5,5,"05/25/2024 00:00:00",5,5.00,"05/25/2024 00:00:00",107,
"5/20/2024","0",,"101","20","P_008","100632",0,20,"05/20/2024 00:00:00",,20.00,"05/20/2024 00:00:00",101,"P_008"
"5/29/2024","3",,"101","5",,"100653",3,5,"05/29/2024 00:00:00",3,5.00,"05/29/2024 00:00:00",101,
"5/10/2024","2",,,"10","P_003","100656",2,10,"05/10/2024 00:00:00",2,10.00,"05/10/2024 00:00:00",,"P_003"
"5/15/2024","4",,,"0","P_047","100660",4,0,"05/15/2024 00:00:00",4,0.00,"05/15/2024 00:00:00",,"P_047"
"5/26/2024","4",,"108","20",,"100668",4,20,"05/26/2024 00:00:00",4,20.00,"05/26/2024 00:00:00",108,
"5/31/2024","4",,,"10","P_017","100695",4,10,"05/31/2024 00:00:00",4,10.00,"05/31/2024 00:00:00",,"P_017"
"5/5/2024","0",,"101","0","P_039","100722",0,0,"05/05/2024 00:00:00",,0.00,"05/05/2024 00:00:00",101,"P_039"
"5/25/2024","0",,"107","10","P_011","100744",0,10,"05/25/2024 00:00:00",,10.00,"05/25/2024 00:00:00",107,"P_011"
"2026/13/40","4",,"101","0","P_026","100764",4,0,,4,0.00,,101,"P_026"
"5/8/2024","1",,"103","20",,"100767",1,20,"05/08/2024 00:00:00",1,20.00,"05/08/2024 00:00:00",103,
"5/27/2024","4",,"102","0",,"100777",4,0,"05/27/2024 00:00:00",4,0.00,"05/27/2024 00:00:00",102,
"5/18/2024","0",,"107","5","P_015","100785",0,5,"05/18/2024 00:00:00",,5.00,"05/18/2024 00:00:00",107,"P_015"
"2026/13/40","4",,"102","0","P_015","100787",4,0,,4,0.00,,102,"P_015"
"2026/13/40","4",,"102","0","P_015","100787",4,0,,4,0.00,,102,"P_015"
"5/2/2024","0",,"106","15","P_036","100818",0,15,"05/02/2024 00:00:00",,15.00,"05/02/2024 00:00:00",106,"P_036"
"5/24/2024","0",,"108","15","P_041","100820",0,15,"05/24/2024 00:00:00",,15.00,"05/24/2024 00:00:00",108,"P_041"
"5/24/2024","0",,"108","15","P_041","100820",0,15,"05/24/2024 00:00:00",,15.00,"05/24/2024 00:00:00",108,"P_041"
"5/7/2024","0",,"106","0","P_001","100836",0,0,"05/07/2024 00:00:00",,0.00,"05/07/2024 00:00:00",106,"P_001"
"2026/13/40","2",,"108","15","P_019","100843",2,15,,2,15.00,,108,"P_019"
"5/5/2024","3",,"103","5",,"100846",3,5,"05/05/2024 00:00:00",3,5.00,"05/05/2024 00:00:00",103,
"5/21/2024","2",,"106","20",,"100847",2,20,"05/21/2024 00:00:00",2,20.00,"05/21/2024 00:00:00",106,
"5/17/2024","0",,"103","0","P_031","100850",0,0,"05/17/2024 00:00:00",,0.00,"05/17/2024 00:00:00",103,"P_031"
"5/19/2024","1",,,"5","P_012","100852",1,5,"05/19/2024 00:00:00",1,5.00,"05/19/2024 00:00:00",,"P_012"
"5/23/2024","5",,"102","150","P_040","100862",5,150,"05/23/2024 00:00:00",5,,"05/23/2024 00:00:00",102,"P_040"
"5/22/2024","2",,"105","150","P_008","100867",2,150,"05/22/2024 00:00:00",2,,"05/22/2024 00:00:00",105,"P_008"
"5/5/2024","3",,,"20","P_028","100879",3,20,"05/05/2024 00:00:00",3,20.00,"05/05/2024 00:00:00",,"P_028"
"5/1/2024","4",,"103","150","P_049","100899",4,150,"05/01/2024 00:00:00",4,,"05/01/2024 00:00:00",103,"P_049"
"5/1/2024","1",,"105","10",,"100903",1,10,"05/01/2024 00:00:00",1,10.00,"05/01/2024 00:00:00",105,
"5/13/2024","2",,"104","0",,"100935",2,0,"05/13/2024 00:00:00",2,0.00,"05/13/2024 00:00:00",104,
"5/26/2024","5",,"103","5",,"100937",5,5,"05/26/2024 00:00:00",5,5.00,"05/26/2024 00:00:00",103,
"2026/13/40","3",,"106","5","P_037","100943",3,5,,3,5.00,,106,"P_037"
"6/23/2024","5",,"104","5",,"100949",5,5,"06/23/2024 00:00:00",5,5.00,"06/23/2024 00:00:00",104,
"2026/13/40","5",,"108","10","P_001","100959",5,10,,5,10.00,,108,"P_001"
"6/20/2024","0",,"101","0","P_017","100971",0,0,"06/20/2024 00:00:00",,0.00,"06/20/2024 00:00:00",101,"P_017"
"6/3/2024","4",,"108","0",,"100980",4,0,"06/03/2024 00:00:00",4,0.00,"06/03/2024 00:00:00",108,
"2026/13/40","2",,"103","20","P_025","101001",2,20,,2,20.00,,103,"P_025"
"6/3/2024","4",,"101","20",,"101018",4,20,"06/03/2024 00:00:00",4,20.00,"06/03/2024 00:00:00",101,
"2026/13/40","1",,"106","20","P_025","101022",1,20,,1,20.00,,106,"P_025"
"6/26/2024","2",,"103","0",,"101022",2,0,"06/26/2024 00:00:00",2,0.00,"06/26/2024 00:00:00",103,
"6/26/2024","5",,"106","150","P_023","101022",5,150,"06/26/2024 00:00:00",5,,"06/26/2024 00:00:00",106,"P_023"
"6/19/2024","0",,"105","15","P_013","101030",0,15,"06/19/2024 00:00:00",,15.00,"06/19/2024 00:00:00",105,"P_013"
"6/4/2024","3",,"104","150","P_038","101042",3,150,"06/04/2024 00:00:00",3,,"06/04/2024 00:00:00",104,"P_038"
"6/6/2024","3",,,"5","P_024","101060",3,5,"06/06/2024 00:00:00",3,5.00,"06/06/2024 00:00:00",,"P_024"
"6/24/2024","2",,"108","150","P_038","101061",2,150,"06/24/2024 00:00:00",2,,"06/24/2024 00:00:00",108,"P_038"
"6/30/2024","0",,"108","0","P_032","101076",0,0,"06/30/2024 00:00:00",,0.00,"06/30/2024 00:00:00",108,"P_032"
"6/6/2024","3",,,"15","P_037","101079",3,15,"06/06/2024 00:00:00",3,15.00,"06/06/2024 00:00:00",,"P_037"
"6/27/2024","2",,"106","150","P_029","101094",2,150,"06/27/2024 00:00:00",2,,"06/27/2024 00:00:00",106,"P_029"
"6/8/2024","5",,"108","15",,"101098",5,15,"06/08/2024 00:00:00",5,15.00,"06/08/2024 00:00:00",108,
"2026/13/40","1",,"107","20","P_049","101101",1,20,,1,20.00,,107,"P_049"
"6/13/2024","1",,,"10","P_002","101113",1,10,"06/13/2024 00:00:00",1,10.00,"06/13/2024 00:00:00",,"P_002"
"6/22/2024","3",,"102","0",,"101124",3,0,"06/22/2024 00:00:00",3,0.00,"06/22/2024 00:00:00",102,
"6/21/2024","0",,"101","10","P_023","101127",0,10,"06/21/2024 00:00:00",,10.00,"06/21/2024 00:00:00",101,"P_023"
"6/5/2024","5",,,"5","P_025","101130",5,5,"06/05/2024 00:00:00",5,5.00,"06/05/2024 00:00:00",,"P_025"
"2026/13/40","3",,"101","0","P_047","101155",3,0,,3,0.00,,101,"P_047"
"6/12/2024","2",,"106","5",,"101168",2,5,"06/12/2024 00:00:00",2,5.00,"06/12/2024 00:00:00",106,
"6/14/2024","4",,,"15","P_043","101171",4,15,"06/14/2024 00:00:00",4,15.00,"06/14/2024 00:00:00",,"P_043"
"6/9/2024","0",,"103","15","P_029","101182",0,15,"06/09/2024 00:00:00",,15.00,"06/09/2024 00:00:00",103,"P_029"
"2026/13/40","2",,"108","5","P_042","101183",2,5,,2,5.00,,108,"P_042"
"6/9/2024","0",,"105","5","P_048","101188",0,5,"06/09/2024 00:00:00",,5.00,"06/09/2024 00:00:00",105,"P_048"
"6/14/2024","5",,"106","15",,"101194",5,15,"06/14/2024 00:00:00",5,15.00,"06/14/2024 00:00:00",106,
"6/10/2024","5",,"107","5",,"101215",5,5,"06/10/2024 00:00:00",5,5.00,"06/10/2024 00:00:00",107,
"6/12/2024","0",,"104","5","P_047","101219",0,5,"06/12/2024 00:00:00",,5.00,"06/12/2024 00:00:00",104,"P_047"
"6/16/2024","0",,"106","0","P_012","101256",0,0,"06/16/2024 00:00:00",,0.00,"06/16/2024 00:00:00",106,"P_012"
"6/7/2024","0",,"101","5","P_019","101267",0,5,"06/07/2024 00:00:00",,5.00,"06/07/2024 00:00:00",101,"P_019"
"6/3/2024","3",,,"20","P_028","101284",3,20,"06/03/2024 00:00:00",3,20.00,"06/03/2024 00:00:00",,"P_028"
"6/7/2024","4",,,"5","P_030","101286",4,5,"06/07/2024 00:00:00",4,5.00,"06/07/2024 00:00:00",,"P_030"
"6/21/2024","5",,"107","150","P_033","101287",5,150,"06/21/2024 00:00:00",5,,"06/21/2024 00:00:00",107,"P_033"
"6/10/2024","2",,"103","20",,"101293",2,20,"06/10/2024 00:00:00",2,20.00,"06/10/2024 00:00:00",103,
"6/12/2024","0",,"105","15","P_008","101309",0,15,"06/12/2024 00:00:00",,15.00,"06/12/2024 00:00:00",105,"P_008"
"6/29/2024","5",,,"20","P_007","101317",5,20,"06/29/2024 00:00:00",5,20.00,"06/29/2024 00:00:00",,"P_007"
"6/3/2024","2",,,"10","P_030","101321",2,10,"06/03/2024 00:00:00",2,10.00,"06/03/2024 00:00:00",,"P_030"
"6/4/2024","0",,"101","5","P_028","101334",0,5,"06/04/2024 00:00:00",,5.00,"06/04/2024 00:00:00",101,"P_028"
"6/15/2024","0",,"105","10","P_021","101339",0,10,"06/15/2024 00:00:00",,10.00,"06/15/2024 00:00:00",105,"P_021"
"6/10/2024","2",,"106","5",,"101380",2,5,"06/10/2024 00:00:00",2,5.00,"06/10/2024 00:00:00",106,
"6/10/2024","5",,,"0","P_042","101389",5,0,"06/10/2024 00:00:00",5,0.00,"06/10/2024 00:00:00",,"P_042"
"7/28/2024","5",,,"20","P_005","101428",5,20,"07/28/2024 00:00:00",5,20.00,"07/28/2024 00:00:00",,"P_005"
"7/22/2024","4",,"104","150","P_001","101429",4,150,"07/22/2024 00:00:00",4,,"07/22/2024 00:00:00",104,"P_001"
"7/31/2024","2",,"103","10",,"101430",2,10,"07/31/2024 00:00:00",2,10.00,"07/31/2024 00:00:00",103,
"2026/13/40","4",,"103","20","P_048","101436",4,20,,4,20.00,,103,"P_048"
"2026/13/40","4",,"103","20","P_048","101436",4,20,,4,20.00,,103,"P_048"
"7/27/2024","5",,"103","0",,"101463",5,0,"07/27/2024 00:00:00",5,0.00,"07/27/2024 00:00:00",103,
"7/2/2024","3",,"106","15",,"101470",3,15,"07/02/2024 00:00:00",3,15.00,"07/02/2024 00:00:00",106,
"7/30/2024","0",,"106","10","P_035","101560",0,10,"07/30/2024 00:00:00",,10.00,"07/30/2024 00:00:00",106,"P_035"
"7/31/2024","0",,"101","5","P_026","101587",0,5,"07/31/2024 00:00:00",,5.00,"07/31/2024 00:00:00",101,"P_026"
"7/2/2024","3",,"106","150","P_046","101616",3,150,"07/02/2024 00:00:00",3,,"07/02/2024 00:00:00",106,"P_046"
"7/30/2024","5",,,"20","P_006","101631",5,20,"07/30/2024 00:00:00",5,20.00,"07/30/2024 00:00:00",,"P_006"
"7/16/2024","2",,"101","5",,"101634",2,5,"07/16/2024 00:00:00",2,5.00,"07/16/2024 00:00:00",101,
"7/3/2024","5",,"103","150","P_004","101669",5,150,"07/03/2024 00:00:00",5,,"07/03/2024 00:00:00",103,"P_004"
"7/3/2024","0",,"101","20","P_029","101672",0,20,"07/03/2024 00:00:00",,20.00,"07/03/2024 00:00:00",101,"P_029"
"7/15/2024","0",,"102","0","P_006","101674",0,0,"07/15/2024 00:00:00",,0.00,"07/15/2024 00:00:00",102,"P_006"
"7/3/2025",,,"107","0","P_002","117656",,0,"07/03/2025 00:00:00",,0.00,"07/03/2025 00:00:00",107,"P_002"
"3/7/2026","5",,"108","10",,"120798",5,10,"03/07/2026 00:00:00",5,10.00,"03/07/2026 00:00:00",108,
"7/22/2024","2",,"101","150","P_014","101675",2,150,"07/22/2024 00:00:00",2,,"07/22/2024 00:00:00",101,"P_014"
"7/1/2024","5",,"104","10",,"101676",5,10,"07/01/2024 00:00:00",5,10.00,"07/01/2024 00:00:00",104,
"7/8/2024","4",,,"15","P_026","101690",4,15,"07/08/2024 00:00:00",4,15.00,"07/08/2024 00:00:00",,"P_026"
"7/25/2024","4",,"101","20",,"101693",4,20,"07/25/2024 00:00:00",4,20.00,"07/25/2024 00:00:00",101,
"2026/13/40","5",,"106","15","P_026","101710",5,15,,5,15.00,,106,"P_026"
"7/28/2024","3",,"106","0",,"101764",3,0,"07/28/2024 00:00:00",3,0.00,"07/28/2024 00:00:00",106,
"7/4/2024","1",,"108","0",,"101771",1,0,"07/04/2024 00:00:00",1,0.00,"07/04/2024 00:00:00",108,
"2026/13/40","1",,"107","20","P_016","101784",1,20,,1,20.00,,107,"P_016"
"7/28/2024","1",,,"5","P_015","101788",1,5,"07/28/2024 00:00:00",1,5.00,"07/28/2024 00:00:00",,"P_015"
"7/30/2024","1",,"107","150","P_044","101796",1,150,"07/30/2024 00:00:00",1,,"07/30/2024 00:00:00",107,"P_044"
"7/30/2024","1",,"107","150","P_044","101796",1,150,"07/30/2024 00:00:00",1,,"07/30/2024 00:00:00",107,"P_044"
"7/30/2024","2",,"101","150","P_014","101800",2,150,"07/30/2024 00:00:00",2,,"07/30/2024 00:00:00",101,"P_014"
"7/22/2024","3",,"106","5",,"101812",3,5,"07/22/2024 00:00:00",3,5.00,"07/22/2024 00:00:00",106,
"8/26/2024","0",,"105","0","P_010","101873",0,0,"08/26/2024 00:00:00",,0.00,"08/26/2024 00:00:00",105,"P_010"
"8/26/2024","2",,"101","0",,"101881",2,0,"08/26/2024 00:00:00",2,0.00,"08/26/2024 00:00:00",101,
"8/16/2024","1",,,"0","P_033","101893",1,0,"08/16/2024 00:00:00",1,0.00,"08/16/2024 00:00:00",,"P_033"
"8/20/2024","3",,,"20","P_003","101901",3,20,"08/20/2024 00:00:00",3,20.00,"08/20/2024 00:00:00",,"P_003"
"8/25/2024","5",,"105","10",,"101911",5,10,"08/25/2024 00:00:00",5,10.00,"08/25/2024 00:00:00",105,
"8/12/2024","5",,"104","150","P_022","101919",5,150,"08/12/2024 00:00:00",5,,"08/12/2024 00:00:00",104,"P_022"
"8/14/2024","2",,"107","15",,"101927",2,15,"08/14/2024 00:00:00",2,15.00,"08/14/2024 00:00:00",107,
"8/14/2024","2",,"107","15",,"101927",2,15,"08/14/2024 00:00:00",2,15.00,"08/14/2024 00:00:00",107,
"2026/13/40","4",,"105","0","P_024","101933",4,0,,4,0.00,,105,"P_024"
"8/6/2024","0",,"102","5","P_031","101937",0,5,"08/06/2024 00:00:00",,5.00,"08/06/2024 00:00:00",102,"P_031"
"8/18/2024","2",,"108","15",,"101949",2,15,"08/18/2024 00:00:00",2,15.00,"08/18/2024 00:00:00",108,
"8/6/2024","4",,"108","10",,"101957",4,10,"08/06/2024 00:00:00",4,10.00,"08/06/2024 00:00:00",108,
"8/16/2024","5",,"105","0",,"101972",5,0,"08/16/2024 00:00:00",5,0.00,"08/16/2024 00:00:00",105,
"8/10/2024","1",,"108","20",,"101996",1,20,"08/10/2024 00:00:00",1,20.00,"08/10/2024 00:00:00",108,
"8/23/2024","4",,,"0","P_047","102010",4,0,"08/23/2024 00:00:00",4,0.00,"08/23/2024 00:00:00",,"P_047"
"8/29/2024","4",,"102","150","P_031","102015",4,150,"08/29/2024 00:00:00",4,,"08/29/2024 00:00:00",102,"P_031"
"8/29/2024","4",,"104","20",,"102027",4,20,"08/29/2024 00:00:00",4,20.00,"08/29/2024 00:00:00",104,
"8/28/2024","5",,"103","15",,"102031",5,15,"08/28/2024 00:00:00",5,15.00,"08/28/2024 00:00:00",103,
"8/19/2024","0",,"104","10","P_017","102032",0,10,"08/19/2024 00:00:00",,10.00,"08/19/2024 00:00:00",104,"P_017"
"8/18/2024","1",,"108","150","P_023","102040",1,150,"08/18/2024 00:00:00",1,,"08/18/2024 00:00:00",108,"P_023"
"8/20/2024","3",,,"5","P_027","102043",3,5,"08/20/2024 00:00:00",3,5.00,"08/20/2024 00:00:00",,"P_027"
"8/26/2024","3",,"104","150","P_007","102070",3,150,"08/26/2024 00:00:00",3,,"08/26/2024 00:00:00",104,"P_007"
"8/1/2024","1",,"104","5",,"102071",1,5,"08/01/2024 00:00:00",1,5.00,"08/01/2024 00:00:00",104,
"2026/13/40","4",,"108","5","P_005","102081",4,5,,4,5.00,,108,"P_005"
"8/14/2024","4",,,"0","P_043","102100",4,0,"08/14/2024 00:00:00",4,0.00,"08/14/2024 00:00:00",,"P_043"
"8/25/2024","4",,,"0","P_010","102101",4,0,"08/25/2024 00:00:00",4,0.00,"08/25/2024 00:00:00",,"P_010"
"8/6/2024","3",,,"5","P_042","102109",3,5,"08/06/2024 00:00:00",3,5.00,"08/06/2024 00:00:00",,"P_042"
"8/2/2024","0",,"104","20","P_001","102112",0,20,"08/02/2024 00:00:00",,20.00,"08/02/2024 00:00:00",104,"P_001"
"2026/13/40","3",,"105","20","P_022","102124",3,20,,3,20.00,,105,"P_022"
"8/15/2024","2",,"102","5",,"102137",2,5,"08/15/2024 00:00:00",2,5.00,"08/15/2024 00:00:00",102,
"2026/13/40","2",,"101","15","P_025","102155",2,15,,2,15.00,,101,"P_025"
"8/16/2024","2",,,"10","P_030","102172",2,10,"08/16/2024 00:00:00",2,10.00,"08/16/2024 00:00:00",,"P_030"
"8/1/2024","3",,"102","10",,"102209",3,10,"08/01/2024 00:00:00",3,10.00,"08/01/2024 00:00:00",102,
"8/9/2024","2",,,"5","P_017","102238",2,5,"08/09/2024 00:00:00",2,5.00,"08/09/2024 00:00:00",,"P_017"
"8/10/2024","4",,,"0","P_038","102248",4,0,"08/10/2024 00:00:00",4,0.00,"08/10/2024 00:00:00",,"P_038"
"8/26/2024","4",,,"20","P_050","102270",4,20,"08/26/2024 00:00:00",4,20.00,"08/26/2024 00:00:00",,"P_050"
"2026/13/40","4",,"105","0","P_049","102295",4,0,,4,0.00,,105,"P_049"
"9/16/2024","4",,,"5","P_008","102320",4,5,"09/16/2024 00:00:00",4,5.00,"09/16/2024 00:00:00",,"P_008"
"9/12/2024","2",,"103","150","P_009","102328",2,150,"09/12/2024 00:00:00",2,,"09/12/2024 00:00:00",103,"P_009"
"9/9/2024","4",,"101","150","P_039","102350",4,150,"09/09/2024 00:00:00",4,,"09/09/2024 00:00:00",101,"P_039"
"9/19/2024","4",,"108","150","P_019","102351",4,150,"09/19/2024 00:00:00",4,,"09/19/2024 00:00:00",108,"P_019"
"9/30/2024","1",,"107","0",,"102361",1,0,"09/30/2024 00:00:00",1,0.00,"09/30/2024 00:00:00",107,
"9/8/2024","1",,"106","0",,"102366",1,0,"09/08/2024 00:00:00",1,0.00,"09/08/2024 00:00:00",106,
"9/14/2024","2",,"106","15",,"102374",2,15,"09/14/2024 00:00:00",2,15.00,"09/14/2024 00:00:00",106,
"9/16/2024","5",,,"10","P_047","102404",5,10,"09/16/2024 00:00:00",5,10.00,"09/16/2024 00:00:00",,"P_047"
"9/8/2024","4",,"106","10",,"102409",4,10,"09/08/2024 00:00:00",4,10.00,"09/08/2024 00:00:00",106,
"9/25/2024","1",,,"5","P_016","102419",1,5,"09/25/2024 00:00:00",1,5.00,"09/25/2024 00:00:00",,"P_016"
"9/7/2024","5",,"101","5",,"102480",5,5,"09/07/2024 00:00:00",5,5.00,"09/07/2024 00:00:00",101,
"2026/13/40","3",,"101","5","P_019","102509",3,5,,3,5.00,,101,"P_019"
"9/7/2024","2",,"106","150","P_048","102523",2,150,"09/07/2024 00:00:00",2,,"09/07/2024 00:00:00",106,"P_048"
"9/19/2024","2",,"108","20",,"102540",2,20,"09/19/2024 00:00:00",2,20.00,"09/19/2024 00:00:00",108,
"9/3/2024","5",,"104","150","P_020","102543",5,150,"09/03/2024 00:00:00",5,,"09/03/2024 00:00:00",104,"P_020"
"2026/13/40","4",,"102","0","P_007","102563",4,0,,4,0.00,,102,"P_007"
"9/2/2024","0",,"104","5","P_030","102574",0,5,"09/02/2024 00:00:00",,5.00,"09/02/2024 00:00:00",104,"P_030"
"9/2/2024","0",,"104","5","P_030","102574",0,5,"09/02/2024 00:00:00",,5.00,"09/02/2024 00:00:00",104,"P_030"
"9/1/2024","0",,"104","0","P_010","102581",0,0,"09/01/2024 00:00:00",,0.00,"09/01/2024 00:00:00",104,"P_010"
"2026/13/40","4",,"108","0","P_001","102594",4,0,,4,0.00,,108,"P_001"
"9/23/2024","0",,"101","0","P_047","102601",0,0,"09/23/2024 00:00:00",,0.00,"09/23/2024 00:00:00",101,"P_047"
"10/3/2024","0",,"107","0","P_039","102629",0,0,"10/03/2024 00:00:00",,0.00,"10/03/2024 00:00:00",107,"P_039"
"2026/13/40","5",,"106","5","P_045","102633",5,5,,5,5.00,,106,"P_045"
"10/31/2024","1",,"105","10",,"102638",1,10,"10/31/2024 00:00:00",1,10.00,"10/31/2024 00:00:00",105,
"2026/13/40","3",,"104","15","P_029","102641",3,15,,3,15.00,,104,"P_029"
"2026/13/40","5",,"106","15","P_033","102645",5,15,,5,15.00,,106,"P_033"
"10/6/2024","3",,,"20","P_028","102685",3,20,"10/06/2024 00:00:00",3,20.00,"10/06/2024 00:00:00",,"P_028"
"10/23/2024","2",,"101","0",,"102686",2,0,"10/23/2024 00:00:00",2,0.00,"10/23/2024 00:00:00",101,
"10/27/2024","3",,"102","150","P_030","102710",3,150,"10/27/2024 00:00:00",3,,"10/27/2024 00:00:00",102,"P_030"
"10/30/2024","4",,,"0","P_012","102747",4,0,"10/30/2024 00:00:00",4,0.00,"10/30/2024 00:00:00",,"P_012"
"10/28/2024","4",,,"20","P_036","102750",4,20,"10/28/2024 00:00:00",4,20.00,"10/28/2024 00:00:00",,"P_036"
"10/9/2024","3",,"102","150","P_028","102773",3,150,"10/09/2024 00:00:00",3,,"10/09/2024 00:00:00",102,"P_028"
"10/16/2024","3",,,"15","P_049","102808",3,15,"10/16/2024 00:00:00",3,15.00,"10/16/2024 00:00:00",,"P_049"
"10/9/2024","3",,"101","5",,"102813",3,5,"10/09/2024 00:00:00",3,5.00,"10/09/2024 00:00:00",101,
"10/21/2024","3",,"101","0",,"102822",3,0,"10/21/2024 00:00:00",3,0.00,"10/21/2024 00:00:00",101,
"2026/13/40","5",,"101","15","P_005","102829",5,15,,5,15.00,,101,"P_005"
"2026/13/40","4",,"108","5","P_042","102852",4,5,,4,5.00,,108,"P_042"
"10/4/2024","3",,"102","0",,"102879",3,0,"10/04/2024 00:00:00",3,0.00,"10/04/2024 00:00:00",102,
"2026/13/40","2",,"106","20","P_048","102888",2,20,,2,20.00,,106,"P_048"
"10/11/2024","5",,"104","20",,"102895",5,20,"10/11/2024 00:00:00",5,20.00,"10/11/2024 00:00:00",104,
"2026/13/40","4",,"103","20","P_018","102925",4,20,,4,20.00,,103,"P_018"
"10/22/2024","3",,"102","0",,"102928",3,0,"10/22/2024 00:00:00",3,0.00,"10/22/2024 00:00:00",102,
"10/21/2024","0",,"104","15","P_024","102932",0,15,"10/21/2024 00:00:00",,15.00,"10/21/2024 00:00:00",104,"P_024"
"10/8/2024","0",,"104","15","P_016","102933",0,15,"10/08/2024 00:00:00",,15.00,"10/08/2024 00:00:00",104,"P_016"
"10/29/2024","2",,"108","10",,"102949",2,10,"10/29/2024 00:00:00",2,10.00,"10/29/2024 00:00:00",108,
"10/4/2024","2",,"106","150","P_031","102953",2,150,"10/04/2024 00:00:00",2,,"10/04/2024 00:00:00",106,"P_031"
"2026/13/40","5",,"103","5","P_002","102954",5,5,,5,5.00,,103,"P_002"
"10/31/2024","3",,"107","20",,"102959",3,20,"10/31/2024 00:00:00",3,20.00,"10/31/2024 00:00:00",107,
"10/22/2024","3",,"104","10",,"102960",3,10,"10/22/2024 00:00:00",3,10.00,"10/22/2024 00:00:00",104,
"10/13/2024","3",,"107","15",,"102984",3,15,"10/13/2024 00:00:00",3,15.00,"10/13/2024 00:00:00",107,
"2026/13/40","5",,"103","20","P_040","102987",5,20,,5,20.00,,103,"P_040"
"10/30/2024","5",,"107","150","P_048","102990",5,150,"10/30/2024 00:00:00",5,,"10/30/2024 00:00:00",107,"P_048"
"10/18/2024","4",,"108","15",,"103023",4,15,"10/18/2024 00:00:00",4,15.00,"10/18/2024 00:00:00",108,
"10/27/2024","5",,"106","15",,"103036",5,15,"10/27/2024 00:00:00",5,15.00,"10/27/2024 00:00:00",106,
"10/20/2024","0",,"102","5","P_007","103058",0,5,"10/20/2024 00:00:00",,5.00,"10/20/2024 00:00:00",102,"P_007"
"10/1/2024","5",,,"20","P_041","103069",5,20,"10/01/2024 00:00:00",5,20.00,"10/01/2024 00:00:00",,"P_041"
"10/10/2024","1",,"103","150","P_035","103084",1,150,"10/10/2024 00:00:00",1,,"10/10/2024 00:00:00",103,"P_035"
"2026/13/40","1",,"104","5","P_023","103147",1,5,,1,5.00,,104,"P_023"
"11/19/2024","0",,"104","15","P_019","103183",0,15,"11/19/2024 00:00:00",,15.00,"11/19/2024 00:00:00",104,"P_019"
"11/7/2024","1",,"104","10",,"103195",1,10,"11/07/2024 00:00:00",1,10.00,"11/07/2024 00:00:00",104,
"11/22/2024","2",,"104","150","P_027","103204",2,150,"11/22/2024 00:00:00",2,,"11/22/2024 00:00:00",104,"P_027"
"11/9/2024","1",,,"5","P_041","103237",1,5,"11/09/2024 00:00:00",1,5.00,"11/09/2024 00:00:00",,"P_041"
"11/28/2024","5",,,"0","P_016","103281",5,0,"11/28/2024 00:00:00",5,0.00,"11/28/2024 00:00:00",,"P_016"
"2026/13/40","1",,"107","15","P_020","103282",1,15,,1,15.00,,107,"P_020"
"11/24/2024","2",,"104","0",,"103290",2,0,"11/24/2024 00:00:00",2,0.00,"11/24/2024 00:00:00",104,
"2026/13/40","2",,"104","0","P_032","103301",2,0,,2,0.00,,104,"P_032"
"11/15/2024","4",,,"15","P_048","103337",4,15,"11/15/2024 00:00:00",4,15.00,"11/15/2024 00:00:00",,"P_048"
"2026/13/40","2",,"102","15","P_007","103339",2,15,,2,15.00,,102,"P_007"
"11/13/2024","5",,,"5","P_022","103360",5,5,"11/13/2024 00:00:00",5,5.00,"11/13/2024 00:00:00",,"P_022"
"11/30/2024","5",,"106","5",,"103363",5,5,"11/30/2024 00:00:00",5,5.00,"11/30/2024 00:00:00",106,
"11/15/2024","0",,"102","15","P_015","103384",0,15,"11/15/2024 00:00:00",,15.00,"11/15/2024 00:00:00",102,"P_015"
"11/12/2024","2",,"106","20",,"103389",2,20,"11/12/2024 00:00:00",2,20.00,"11/12/2024 00:00:00",106,
"11/29/2024","2",,"108","0",,"103410",2,0,"11/29/2024 00:00:00",2,0.00,"11/29/2024 00:00:00",108,
"11/13/2024","4",,"106","150","P_026","103441",4,150,"11/13/2024 00:00:00",4,,"11/13/2024 00:00:00",106,"P_026"
"11/27/2024","5",,"104","0",,"103476",5,0,"11/27/2024 00:00:00",5,0.00,"11/27/2024 00:00:00",104,
"11/27/2024","5",,"104","0",,"103476",5,0,"11/27/2024 00:00:00",5,0.00,"11/27/2024 00:00:00",104,
"2026/13/40","4",,"103","15","P_027","103495",4,15,,4,15.00,,103,"P_027"
"11/16/2024","3",,"108","5",,"103505",3,5,"11/16/2024 00:00:00",3,5.00,"11/16/2024 00:00:00",108,
"11/23/2024","4",,"102","15",,"103509",4,15,"11/23/2024 00:00:00",4,15.00,"11/23/2024 00:00:00",102,
"11/6/2024","0",,"104","0","P_003","103529",0,0,"11/06/2024 00:00:00",,0.00,"11/06/2024 00:00:00",104,"P_003"
"2026/13/40","5",,"105","15","P_018","103557",5,15,,5,15.00,,105,"P_018"
"11/25/2024","2",,"108","20",,"103572",2,20,"11/25/2024 00:00:00",2,20.00,"11/25/2024 00:00:00",108,
"12/25/2024","4",,,"15","P_033","103660",4,15,"12/25/2024 00:00:00",4,15.00,"12/25/2024 00:00:00",,"P_033"
"2026/13/40","3",,"101","10","P_042","103679",3,10,,3,10.00,,101,"P_042"
"12/28/2024","2",,"104","150","P_041","103683",2,150,"12/28/2024 00:00:00",2,,"12/28/2024 00:00:00",104,"P_041"
"12/17/2024","2",,"101","150","P_008","103697",2,150,"12/17/2024 00:00:00",2,,"12/17/2024 00:00:00",101,"P_008"
"2026/13/40","3",,"105","0","P_045","103702",3,0,,3,0.00,,105,"P_045"
"12/11/2024","2",,,"10","P_045","103716",2,10,"12/11/2024 00:00:00",2,10.00,"12/11/2024 00:00:00",,"P_045"
"12/8/2024","5",,,"20","P_023","103730",5,20,"12/08/2024 00:00:00",5,20.00,"12/08/2024 00:00:00",,"P_023"
"12/9/2024","4",,,"20","P_015","103745",4,20,"12/09/2024 00:00:00",4,20.00,"12/09/2024 00:00:00",,"P_015"
"12/2/2024","3",,"106","10",,"103746",3,10,"12/02/2024 00:00:00",3,10.00,"12/02/2024 00:00:00",106,
"12/21/2024","4",,"107","20",,"103761",4,20,"12/21/2024 00:00:00",4,20.00,"12/21/2024 00:00:00",107,
"12/15/2024","2",,"105","150","P_015","103792",2,150,"12/15/2024 00:00:00",2,,"12/15/2024 00:00:00",105,"P_015"
"12/30/2024","2",,,"5","P_022","103811",2,5,"12/30/2024 00:00:00",2,5.00,"12/30/2024 00:00:00",,"P_022"
"12/21/2024","3",,"101","20",,"103812",3,20,"12/21/2024 00:00:00",3,20.00,"12/21/2024 00:00:00",101,
"12/8/2024","5",,"103","20",,"103824",5,20,"12/08/2024 00:00:00",5,20.00,"12/08/2024 00:00:00",103,
"12/26/2024","4",,"102","150","P_036","103844",4,150,"12/26/2024 00:00:00",4,,"12/26/2024 00:00:00",102,"P_036"
"12/21/2024","0",,"104","20","P_015","103850",0,20,"12/21/2024 00:00:00",,20.00,"12/21/2024 00:00:00",104,"P_015"
"12/26/2024","3",,"108","150","P_044","103860",3,150,"12/26/2024 00:00:00",3,,"12/26/2024 00:00:00",108,"P_044"
"12/13/2024","1",,"102","150","P_023","103900",1,150,"12/13/2024 00:00:00",1,,"12/13/2024 00:00:00",102,"P_023"
"12/6/2024","2",,"106","150","P_042","103928",2,150,"12/06/2024 00:00:00",2,,"12/06/2024 00:00:00",106,"P_042"
"12/6/2024","2",,"106","150","P_042","103928",2,150,"12/06/2024 00:00:00",2,,"12/06/2024 00:00:00",106,"P_042"
"2026/13/40","3",,"106","10","P_042","103953",3,10,,3,10.00,,106,"P_042"
"2026/13/40","3",,"106","10","P_042","103953",3,10,,3,10.00,,106,"P_042"
"2026/13/40","1",,"104","10","P_004","103972",1,10,,1,10.00,,104,"P_004"
"12/17/2024","0",,"106","15","P_002","103978",0,15,"12/17/2024 00:00:00",,15.00,"12/17/2024 00:00:00",106,"P_002"
"12/29/2024","3",,"105","5",,"103999",3,5,"12/29/2024 00:00:00",3,5.00,"12/29/2024 00:00:00",105,
"12/22/2024","4",,,"20","P_048","104023",4,20,"12/22/2024 00:00:00",4,20.00,"12/22/2024 00:00:00",,"P_048"
"12/8/2024","5",,"107","15",,"104028",5,15,"12/08/2024 00:00:00",5,15.00,"12/08/2024 00:00:00",107,
"12/15/2024","3",,"101","0",,"104054",3,0,"12/15/2024 00:00:00",3,0.00,"12/15/2024 00:00:00",101,
"1/11/2025","1",,"102","5",,"104068",1,5,"01/11/2025 00:00:00",1,5.00,"01/11/2025 00:00:00",102,
"1/11/2025","1",,"102","5",,"104068",1,5,"01/11/2025 00:00:00",1,5.00,"01/11/2025 00:00:00",102,
"1/11/2025","2",,,"15","P_008","104080",2,15,"01/11/2025 00:00:00",2,15.00,"01/11/2025 00:00:00",,"P_008"
"1/4/2025","3",,"101","150","P_043","104096",3,150,"01/04/2025 00:00:00",3,,"01/04/2025 00:00:00",101,"P_043"
"1/26/2025","5",,"105","5",,"104102",5,5,"01/26/2025 00:00:00",5,5.00,"01/26/2025 00:00:00",105,
"1/22/2025","0",,"103","10","P_008","104142",0,10,"01/22/2025 00:00:00",,10.00,"01/22/2025 00:00:00",103,"P_008"
"1/16/2025","5",,,"10","P_047","104144",5,10,"01/16/2025 00:00:00",5,10.00,"01/16/2025 00:00:00",,"P_047"
"1/4/2025","4",,,"5","P_044","104146",4,5,"01/04/2025 00:00:00",4,5.00,"01/04/2025 00:00:00",,"P_044"
"1/12/2025","1",,"105","5",,"104159",1,5,"01/12/2025 00:00:00",1,5.00,"01/12/2025 00:00:00",105,
"1/13/2025","2",,"106","5",,"104162",2,5,"01/13/2025 00:00:00",2,5.00,"01/13/2025 00:00:00",106,
"1/18/2025","2",,,"0","P_003","104184",2,0,"01/18/2025 00:00:00",2,0.00,"01/18/2025 00:00:00",,"P_003"
"1/1/2025","4",,"104","5",,"104203",4,5,"01/01/2025 00:00:00",4,5.00,"01/01/2025 00:00:00",104,
"2026/13/40","1",,"103","10","P_020","104213",1,10,,1,10.00,,103,"P_020"
"2026/13/40","2",,"108","15","P_026","104214",2,15,,2,15.00,,108,"P_026"
"1/17/2025","3",,"107","150","P_010","104258",3,150,"01/17/2025 00:00:00",3,,"01/17/2025 00:00:00",107,"P_010"
"1/8/2025","4",,"104","5",,"104298",4,5,"01/08/2025 00:00:00",4,5.00,"01/08/2025 00:00:00",104,
"1/10/2025","4",,,"10","P_015","104300",4,10,"01/10/2025 00:00:00",4,10.00,"01/10/2025 00:00:00",,"P_015"
"1/8/2025","0",,"103","15","P_018","104302",0,15,"01/08/2025 00:00:00",,15.00,"01/08/2025 00:00:00",103,"P_018"
"1/8/2025","0",,"103","15","P_018","104302",0,15,"01/08/2025 00:00:00",,15.00,"01/08/2025 00:00:00",103,"P_018"
"2026/13/40","4",,"108","15","P_039","104306",4,15,,4,15.00,,108,"P_039"
"1/27/2025","2",,"102","150","P_024","104338",2,150,"01/27/2025 00:00:00",2,,"01/27/2025 00:00:00",102,"P_024"
"1/28/2025","4",,"101","150","P_036","104358",4,150,"01/28/2025 00:00:00",4,,"01/28/2025 00:00:00",101,"P_036"
"1/29/2025","2",,"108","20",,"104394",2,20,"01/29/2025 00:00:00",2,20.00,"01/29/2025 00:00:00",108,
"1/4/2025","4",,"108","0",,"104411",4,0,"01/04/2025 00:00:00",4,0.00,"01/04/2025 00:00:00",108,
"1/5/2025","2",,"107","20",,"104414",2,20,"01/05/2025 00:00:00",2,20.00,"01/05/2025 00:00:00",107,
"1/5/2025","2",,"107","20",,"104414",2,20,"01/05/2025 00:00:00",2,20.00,"01/05/2025 00:00:00",107,
"1/28/2025","3",,"103","150","P_007","104435",3,150,"01/28/2025 00:00:00",3,,"01/28/2025 00:00:00",103,"P_007"
"2026/13/40","2",,"108","5","P_028","104446",2,5,,2,5.00,,108,"P_028"
"2026/13/40","2",,"108","5","P_028","104446",2,5,,2,5.00,,108,"P_028"
"1/19/2025","1",,"105","5",,"104470",1,5,"01/19/2025 00:00:00",1,5.00,"01/19/2025 00:00:00",105,
"1/15/2025","0",,"102","5","P_006","104475",0,5,"01/15/2025 00:00:00",,5.00,"01/15/2025 00:00:00",102,"P_006"
"1/27/2025","2",,,"20","P_050","104499",2,20,"01/27/2025 00:00:00",2,20.00,"01/27/2025 00:00:00",,"P_050"
"1/27/2025","1",,"101","20",,"104499",1,20,"01/27/2025 00:00:00",1,20.00,"01/27/2025 00:00:00",101,
"2026/13/40","3",,"107","15","P_021","104506",3,15,,3,15.00,,107,"P_021"
"1/27/2025","0",,"101","15","P_050","104508",0,15,"01/27/2025 00:00:00",,15.00,"01/27/2025 00:00:00",101,"P_050"
"1/17/2025","0",,"108","20","P_005","104515",0,20,"01/17/2025 00:00:00",,20.00,"01/17/2025 00:00:00",108,"P_005"
"1/18/2025","5",,"105","15",,"104525",5,15,"01/18/2025 00:00:00",5,15.00,"01/18/2025 00:00:00",105,
"1/1/2025","2",,,"0","P_010","104526",2,0,"01/01/2025 00:00:00",2,0.00,"01/01/2025 00:00:00",,"P_010"
"1/16/2025","3",,,"0","P_019","104543",3,0,"01/16/2025 00:00:00",3,0.00,"01/16/2025 00:00:00",,"P_019"
"1/22/2025","0",,"108","10","P_008","104549",0,10,"01/22/2025 00:00:00",,10.00,"01/22/2025 00:00:00",108,"P_008"
"1/22/2025","0",,"108","10","P_008","104549",0,10,"01/22/2025 00:00:00",,10.00,"01/22/2025 00:00:00",108,"P_008"
"2/10/2025","1",,,"10","P_011","104557",1,10,"02/10/2025 00:00:00",1,10.00,"02/10/2025 00:00:00",,"P_011"
"2/16/2025","5",,"105","5",,"104562",5,5,"02/16/2025 00:00:00",5,5.00,"02/16/2025 00:00:00",105,
"2/5/2025","3",,"103","150","P_006","104569",3,150,"02/05/2025 00:00:00",3,,"02/05/2025 00:00:00",103,"P_006"
"2026/13/40","3",,"103","20","P_049","104585",3,20,,3,20.00,,103,"P_049"
"2026/13/40","5",,"104","0","P_014","104586",5,0,,5,0.00,,104,"P_014"
"2026/13/40","4",,"101","20","P_039","104623",4,20,,4,20.00,,101,"P_039"
"2/13/2025","0",,"104","5","P_050","104642",0,5,"02/13/2025 00:00:00",,5.00,"02/13/2025 00:00:00",104,"P_050"
"2/13/2025","0",,"105","10","P_015","104647",0,10,"02/13/2025 00:00:00",,10.00,"02/13/2025 00:00:00",105,"P_015"
"2/20/2025","4",,"104","150","P_047","104654",4,150,"02/20/2025 00:00:00",4,,"02/20/2025 00:00:00",104,"P_047"
"2/7/2025","3",,,"15","P_037","104667",3,15,"02/07/2025 00:00:00",3,15.00,"02/07/2025 00:00:00",,"P_037"
"2/13/2025","1",,"102","150","P_036","104669",1,150,"02/13/2025 00:00:00",1,,"02/13/2025 00:00:00",102,"P_036"
"2/2/2025","1",,"105","5",,"104692",1,5,"02/02/2025 00:00:00",1,5.00,"02/02/2025 00:00:00",105,
"2/2/2025","1",,"105","5",,"104692",1,5,"02/02/2025 00:00:00",1,5.00,"02/02/2025 00:00:00",105,
"2026/13/40","5",,"103","10","P_040","104697",5,10,,5,10.00,,103,"P_040"
"2/1/2025","2",,"108","150","P_030","104778",2,150,"02/01/2025 00:00:00",2,,"02/01/2025 00:00:00",108,"P_030"
"2/1/2025","2",,"108","150","P_030","104778",2,150,"02/01/2025 00:00:00",2,,"02/01/2025 00:00:00",108,"P_030"
"2026/13/40","5",,"107","0","P_025","104793",5,0,,5,0.00,,107,"P_025"
"2/20/2025","2",,"105","150","P_025","104797",2,150,"02/20/2025 00:00:00",2,,"02/20/2025 00:00:00",105,"P_025"
"2026/13/40","4",,"101","20","P_007","104828",4,20,,4,20.00,,101,"P_007"
"2/3/2025","2",,"101","15",,"104846",2,15,"02/03/2025 00:00:00",2,15.00,"02/03/2025 00:00:00",101,
"2026/13/40","2",,"102","20","P_045","104854",2,20,,2,20.00,,102,"P_045"
"2/19/2025","0",,"107","10","P_034","104860",0,10,"02/19/2025 00:00:00",,10.00,"02/19/2025 00:00:00",107,"P_034"
"2026/13/40","4",,"106","10","P_023","104861",4,10,,4,10.00,,106,"P_023"
"2/27/2025","5",,"102","5",,"104871",5,5,"02/27/2025 00:00:00",5,5.00,"02/27/2025 00:00:00",102,
"2/1/2025","5",,"108","5",,"104873",5,5,"02/01/2025 00:00:00",5,5.00,"02/01/2025 00:00:00",108,
"2/26/2025","2",,"105","150","P_032","104875",2,150,"02/26/2025 00:00:00",2,,"02/26/2025 00:00:00",105,"P_032"
"2/26/2025","2",,"105","150","P_032","104875",2,150,"02/26/2025 00:00:00",2,,"02/26/2025 00:00:00",105,"P_032"
"2/16/2025","3",,"105","0",,"104882",3,0,"02/16/2025 00:00:00",3,0.00,"02/16/2025 00:00:00",105,
"2026/13/40","2",,"105","15","P_009","104888",2,15,,2,15.00,,105,"P_009"
"2/22/2025","2",,,"10","P_031","104897",2,10,"02/22/2025 00:00:00",2,10.00,"02/22/2025 00:00:00",,"P_031"
"2/12/2025","3",,"106","10",,"104914",3,10,"02/12/2025 00:00:00",3,10.00,"02/12/2025 00:00:00",106,
"2/18/2025","0",,"108","0","P_010","104919",0,0,"02/18/2025 00:00:00",,0.00,"02/18/2025 00:00:00",108,"P_010"
"2026/13/40","5",,"108","10","P_001","104920",5,10,,5,10.00,,108,"P_001"
"2/15/2025","3",,,"15","P_033","104942",3,15,"02/15/2025 00:00:00",3,15.00,"02/15/2025 00:00:00",,"P_033"
"2/21/2025","1",,,"20","P_039","104977",1,20,"02/21/2025 00:00:00",1,20.00,"02/21/2025 00:00:00",,"P_039"
"2/10/2025","4",,"104","0",,"104981",4,0,"02/10/2025 00:00:00",4,0.00,"02/10/2025 00:00:00",104,
"2/13/2025","0",,"104","15","P_048","104987",0,15,"02/13/2025 00:00:00",,15.00,"02/13/2025 00:00:00",104,"P_048"
"2/23/2025","4",,"106","5",,"104999",4,5,"02/23/2025 00:00:00",4,5.00,"02/23/2025 00:00:00",106,
"2/23/2025","4",,"106","5",,"104999",4,5,"02/23/2025 00:00:00",4,5.00,"02/23/2025 00:00:00",106,
"2/18/2025","1",,"108","150","P_002","105007",1,150,"02/18/2025 00:00:00",1,,"02/18/2025 00:00:00",108,"P_002"
"2026/13/40","1",,"103","0","P_015","105020",1,0,,1,0.00,,103,"P_015"
"2/27/2025","4",,"105","20",,"105043",4,20,"02/27/2025 00:00:00",4,20.00,"02/27/2025 00:00:00",105,
"3/25/2025","0",,"101","5","P_032","105051",0,5,"03/25/2025 00:00:00",,5.00,"03/25/2025 00:00:00",101,"P_032"
"3/1/2025","2",,,"15","P_039","105052",2,15,"03/01/2025 00:00:00",2,15.00,"03/01/2025 00:00:00",,"P_039"
"3/31/2025","1",,"104","20",,"105056",1,20,"03/31/2025 00:00:00",1,20.00,"03/31/2025 00:00:00",104,
"3/26/2025","3",,,"20","P_043","105078",3,20,"03/26/2025 00:00:00",3,20.00,"03/26/2025 00:00:00",,"P_043"
"3/19/2025","4",,,"5","P_008","105082",4,5,"03/19/2025 00:00:00",4,5.00,"03/19/2025 00:00:00",,"P_008"
"3/3/2025","0",,"101","15","P_008","105086",0,15,"03/03/2025 00:00:00",,15.00,"03/03/2025 00:00:00",101,"P_008"
"3/3/2025","0",,"101","15","P_008","105086",0,15,"03/03/2025 00:00:00",,15.00,"03/03/2025 00:00:00",101,"P_008"
"3/26/2025","3",,"107","0",,"105119",3,0,"03/26/2025 00:00:00",3,0.00,"03/26/2025 00:00:00",107,
"3/26/2025","3",,"107","10",,"105119",3,10,"03/26/2025 00:00:00",3,10.00,"03/26/2025 00:00:00",107,
"3/25/2025","3",,,"15","P_032","105146",3,15,"03/25/2025 00:00:00",3,15.00,"03/25/2025 00:00:00",,"P_032"
"3/17/2025","1",,,"15","P_050","105185",1,15,"03/17/2025 00:00:00",1,15.00,"03/17/2025 00:00:00",,"P_050"
"3/29/2025","4",,"107","0",,"105186",4,0,"03/29/2025 00:00:00",4,0.00,"03/29/2025 00:00:00",107,
"2026/13/40","2",,"108","0","P_046","105187",2,0,,2,0.00,,108,"P_046"
"3/24/2025","0",,"101","20","P_009","105197",0,20,"03/24/2025 00:00:00",,20.00,"03/24/2025 00:00:00",101,"P_009"
"3/15/2025","5",,"108","0",,"105266",5,0,"03/15/2025 00:00:00",5,0.00,"03/15/2025 00:00:00",108,
"3/1/2025","0",,"105","15","P_010","105290",0,15,"03/01/2025 00:00:00",,15.00,"03/01/2025 00:00:00",105,"P_010"
"3/16/2025","5",,,"0","P_011","105301",5,0,"03/16/2025 00:00:00",5,0.00,"03/16/2025 00:00:00",,"P_011"
"2026/13/40","2",,"105","0","P_012","105302",2,0,,2,0.00,,105,"P_012"
"3/18/2025","2",,"102","150","P_039","105342",2,150,"03/18/2025 00:00:00",2,,"03/18/2025 00:00:00",102,"P_039"
"3/20/2025","0",,"105","5","P_003","105346",0,5,"03/20/2025 00:00:00",,5.00,"03/20/2025 00:00:00",105,"P_003"
"3/29/2025","4",,"108","15",,"105358",4,15,"03/29/2025 00:00:00",4,15.00,"03/29/2025 00:00:00",108,
"2026/13/40","2",,"107","15","P_011","105361",2,15,,2,15.00,,107,"P_011"
"3/4/2025","0",,"106","20","P_013","105380",0,20,"03/04/2025 00:00:00",,20.00,"03/04/2025 00:00:00",106,"P_013"
"3/30/2025","3",,,"10","P_004","105395",3,10,"03/30/2025 00:00:00",3,10.00,"03/30/2025 00:00:00",,"P_004"
"3/22/2025","5",,"105","10",,"105407",5,10,"03/22/2025 00:00:00",5,10.00,"03/22/2025 00:00:00",105,
"3/23/2025","4",,,"5","P_003","105411",4,5,"03/23/2025 00:00:00",4,5.00,"03/23/2025 00:00:00",,"P_003"
"3/18/2025","2",,"108","150","P_036","105429",2,150,"03/18/2025 00:00:00",2,,"03/18/2025 00:00:00",108,"P_036"
"3/27/2025","4",,"107","10",,"105451",4,10,"03/27/2025 00:00:00",4,10.00,"03/27/2025 00:00:00",107,
"3/10/2025","2",,,"0","P_041","105456",2,0,"03/10/2025 00:00:00",2,0.00,"03/10/2025 00:00:00",,"P_041"
"3/7/2025","2",,"106","10",,"105476",2,10,"03/07/2025 00:00:00",2,10.00,"03/07/2025 00:00:00",106,
"3/2/2025","0",,"107","10","P_041","105481",0,10,"03/02/2025 00:00:00",,10.00,"03/02/2025 00:00:00",107,"P_041"
"3/12/2025","0",,"105","20","P_011","105482",0,20,"03/12/2025 00:00:00",,20.00,"03/12/2025 00:00:00",105,"P_011"
"4/6/2025","0",,"106","10","P_036","105515",0,10,"04/06/2025 00:00:00",,10.00,"04/06/2025 00:00:00",106,"P_036"
"4/13/2025","4",,"106","5",,"105549",4,5,"04/13/2025 00:00:00",4,5.00,"04/13/2025 00:00:00",106,
"4/29/2025","0",,"104","0","P_040","105569",0,0,"04/29/2025 00:00:00",,0.00,"04/29/2025 00:00:00",104,"P_040"
"4/28/2025","2",,"106","15",,"105577",2,15,"04/28/2025 00:00:00",2,15.00,"04/28/2025 00:00:00",106,
"4/22/2025","4",,"108","5",,"105584",4,5,"04/22/2025 00:00:00",4,5.00,"04/22/2025 00:00:00",108,
"4/6/2025","4",,,"20","P_045","105594",4,20,"04/06/2025 00:00:00",4,20.00,"04/06/2025 00:00:00",,"P_045"
"4/29/2025","3",,"101","15",,"105620",3,15,"04/29/2025 00:00:00",3,15.00,"04/29/2025 00:00:00",101,
"4/11/2025","4",,,"0","P_047","105632",4,0,"04/11/2025 00:00:00",4,0.00,"04/11/2025 00:00:00",,"P_047"
"2026/13/40","2",,"101","15","P_031","105635",2,15,,2,15.00,,101,"P_031"
"4/2/2025","4",,,"0","P_010","105638",4,0,"04/02/2025 00:00:00",4,0.00,"04/02/2025 00:00:00",,"P_010"
"4/28/2025","5",,"107","150","P_019","105643",5,150,"04/28/2025 00:00:00",5,,"04/28/2025 00:00:00",107,"P_019"
"4/10/2025","4",,,"15","P_016","105658",4,15,"04/10/2025 00:00:00",4,15.00,"04/10/2025 00:00:00",,"P_016"
"4/28/2025","0",,"104","20","P_022","105716",0,20,"04/28/2025 00:00:00",,20.00,"04/28/2025 00:00:00",104,"P_022"
"4/2/2025","3",,"106","0",,"105740",3,0,"04/02/2025 00:00:00",3,0.00,"04/02/2025 00:00:00",106,
"4/25/2025","5",,,"15","P_043","105750",5,15,"04/25/2025 00:00:00",5,15.00,"04/25/2025 00:00:00",,"P_043"
"4/26/2025","3",,,"20","P_006","105758",3,20,"04/26/2025 00:00:00",3,20.00,"04/26/2025 00:00:00",,"P_006"
"4/3/2025","1",,,"10","P_004","105762",1,10,"04/03/2025 00:00:00",1,10.00,"04/03/2025 00:00:00",,"P_004"
"4/28/2025","3",,,"20","P_045","105763",3,20,"04/28/2025 00:00:00",3,20.00,"04/28/2025 00:00:00",,"P_045"
"4/21/2025","3",,"103","5",,"105765",3,5,"04/21/2025 00:00:00",3,5.00,"04/21/2025 00:00:00",103,
"4/21/2025","3",,"103","5",,"105765",3,5,"04/21/2025 00:00:00",3,5.00,"04/21/2025 00:00:00",103,
"4/1/2025","0",,"101","20","P_010","105770",0,20,"04/01/2025 00:00:00",,20.00,"04/01/2025 00:00:00",101,"P_010"
"2026/13/40","5",,"102","10","P_020","105791",5,10,,5,10.00,,102,"P_020"
"4/11/2025","2",,"106","150","P_006","105831",2,150,"04/11/2025 00:00:00",2,,"04/11/2025 00:00:00",106,"P_006"
"2026/13/40","5",,"103","5","P_026","105846",5,5,,5,5.00,,103,"P_026"
"4/24/2025","2",,"104","150","P_024","105852",2,150,"04/24/2025 00:00:00",2,,"04/24/2025 00:00:00",104,"P_024"
"2026/13/40","3",,"105","5","P_010","105858",3,5,,3,5.00,,105,"P_010"
"4/1/2025","0",,"101","10","P_027","105865",0,10,"04/01/2025 00:00:00",,10.00,"04/01/2025 00:00:00",101,"P_027"
"4/9/2025","5",,"104","10",,"105873",5,10,"04/09/2025 00:00:00",5,10.00,"04/09/2025 00:00:00",104,
"2026/13/40","3",,"103","5","P_030","105875",3,5,,3,5.00,,103,"P_030"
"2026/13/40","2",,"104","5","P_046","105897",2,5,,2,5.00,,104,"P_046"
"5/26/2025","2",,"102","15",,"105901",2,15,"05/26/2025 00:00:00",2,15.00,"05/26/2025 00:00:00",102,
"5/8/2025","1",,,"20","P_046","105963",1,20,"05/08/2025 00:00:00",1,20.00,"05/08/2025 00:00:00",,"P_046"
"2026/13/40","1",,"101","0","P_039","105972",1,0,,1,0.00,,101,"P_039"
"5/26/2025","2",,"108","15",,"105988",2,15,"05/26/2025 00:00:00",2,15.00,"05/26/2025 00:00:00",108,
"5/3/2025","1",,"107","5",,"106004",1,5,"05/03/2025 00:00:00",1,5.00,"05/03/2025 00:00:00",107,
"5/9/2025","2",,"105","150","P_004","106006",2,150,"05/09/2025 00:00:00",2,,"05/09/2025 00:00:00",105,"P_004"
"5/12/2025","1",,"106","15",,"106021",1,15,"05/12/2025 00:00:00",1,15.00,"05/12/2025 00:00:00",106,
"5/12/2025","1",,"106","15",,"106021",1,15,"05/12/2025 00:00:00",1,15.00,"05/12/2025 00:00:00",106,
"5/13/2025","0",,"101","5","P_013","106031",0,5,"05/13/2025 00:00:00",,5.00,"05/13/2025 00:00:00",101,"P_013"
"2026/13/40","1",,"107","5","P_038","106037",1,5,,1,5.00,,107,"P_038"
"2026/13/40","2",,"107","10","P_030","106040",2,10,,2,10.00,,107,"P_030"
"2026/13/40","5",,"106","5","P_015","106041",5,5,,5,5.00,,106,"P_015"
"5/27/2025","2",,,"15","P_011","106056",2,15,"05/27/2025 00:00:00",2,15.00,"05/27/2025 00:00:00",,"P_011"
"5/20/2025","5",,"103","10",,"106061",5,10,"05/20/2025 00:00:00",5,10.00,"05/20/2025 00:00:00",103,
"5/13/2025","0",,"102","10","P_029","106068",0,10,"05/13/2025 00:00:00",,10.00,"05/13/2025 00:00:00",102,"P_029"
"5/13/2025","2",,"106","10",,"106068",2,10,"05/13/2025 00:00:00",2,10.00,"05/13/2025 00:00:00",106,
"5/28/2025","0",,"106","20","P_012","106074",0,20,"05/28/2025 00:00:00",,20.00,"05/28/2025 00:00:00",106,"P_012"
"2026/13/40","3",,"106","5","P_037","106081",3,5,,3,5.00,,106,"P_037"
"5/1/2025","5",,"107","15",,"106085",5,15,"05/01/2025 00:00:00",5,15.00,"05/01/2025 00:00:00",107,
"5/20/2025","4",,,"5","P_012","106092",4,5,"05/20/2025 00:00:00",4,5.00,"05/20/2025 00:00:00",,"P_012"
"5/19/2025","4",,"106","10",,"106097",4,10,"05/19/2025 00:00:00",4,10.00,"05/19/2025 00:00:00",106,
"5/5/2025","5",,,"10","P_042","106107",5,10,"05/05/2025 00:00:00",5,10.00,"05/05/2025 00:00:00",,"P_042"
"5/5/2025","3",,"105","150","P_016","106107",3,150,"05/05/2025 00:00:00",3,,"05/05/2025 00:00:00",105,"P_016"
"5/13/2025","0",,"108","0","P_003","106111",0,0,"05/13/2025 00:00:00",,0.00,"05/13/2025 00:00:00",108,"P_003"
"5/24/2025","5",,"105","150","P_011","106125",5,150,"05/24/2025 00:00:00",5,,"05/24/2025 00:00:00",105,"P_011"
"5/29/2025","2",,"102","5",,"106131",2,5,"05/29/2025 00:00:00",2,5.00,"05/29/2025 00:00:00",102,
"5/4/2025","4",,,"15","P_048","106137",4,15,"05/04/2025 00:00:00",4,15.00,"05/04/2025 00:00:00",,"P_048"
"5/8/2025","2",,,"10","P_047","106138",2,10,"05/08/2025 00:00:00",2,10.00,"05/08/2025 00:00:00",,"P_047"
"5/23/2025","4",,"102","20",,"106154",4,20,"05/23/2025 00:00:00",4,20.00,"05/23/2025 00:00:00",102,
"5/22/2025","5",,"107","150","P_015","106177",5,150,"05/22/2025 00:00:00",5,,"05/22/2025 00:00:00",107,"P_015"
"2026/13/40","2",,"101","10","P_004","106192",2,10,,2,10.00,,101,"P_004"
"5/9/2025","3",,"106","150","P_047","106201",3,150,"05/09/2025 00:00:00",3,,"05/09/2025 00:00:00",106,"P_047"
"5/22/2025","0",,"101","10","P_046","106235",0,10,"05/22/2025 00:00:00",,10.00,"05/22/2025 00:00:00",101,"P_046"
"5/29/2025","0",,"101","0","P_041","106247",0,0,"05/29/2025 00:00:00",,0.00,"05/29/2025 00:00:00",101,"P_041"
"5/8/2025","1",,,"5","P_040","106253",1,5,"05/08/2025 00:00:00",1,5.00,"05/08/2025 00:00:00",,"P_040"
"5/3/2025","0",,"108","5","P_044","106258",0,5,"05/03/2025 00:00:00",,5.00,"05/03/2025 00:00:00",108,"P_044"
"5/4/2025","4",,"101","0",,"106290",4,0,"05/04/2025 00:00:00",4,0.00,"05/04/2025 00:00:00",101,
"5/20/2025","3",,"104","0",,"106294",3,0,"05/20/2025 00:00:00",3,0.00,"05/20/2025 00:00:00",104,
"5/30/2025","3",,"101","150","P_041","106342",3,150,"05/30/2025 00:00:00",3,,"05/30/2025 00:00:00",101,"P_041"
"2026/13/40","4",,"101","15","P_002","106354",4,15,,4,15.00,,101,"P_002"
"5/6/2025","1",,"107","150","P_014","106354",1,150,"05/06/2025 00:00:00",1,,"05/06/2025 00:00:00",107,"P_014"
"5/1/2025","4",,"107","10",,"106357",4,10,"05/01/2025 00:00:00",4,10.00,"05/01/2025 00:00:00",107,
"5/1/2025","0",,"108","0","P_008","106361",0,0,"05/01/2025 00:00:00",,0.00,"05/01/2025 00:00:00",108,"P_008"
"5/1/2025","0",,"108","0","P_008","106361",0,0,"05/01/2025 00:00:00",,0.00,"05/01/2025 00:00:00",108,"P_008"
"5/5/2025","5",,"107","150","P_021","106371",5,150,"05/05/2025 00:00:00",5,,"05/05/2025 00:00:00",107,"P_021"
"6/7/2025","1",,,"20","P_003","106382",1,20,"06/07/2025 00:00:00",1,20.00,"06/07/2025 00:00:00",,"P_003"
"6/14/2025","4",,,"20","P_034","106393",4,20,"06/14/2025 00:00:00",4,20.00,"06/14/2025 00:00:00",,"P_034"
"6/27/2025","4",,"108","15",,"106395",4,15,"06/27/2025 00:00:00",4,15.00,"06/27/2025 00:00:00",108,
"6/27/2025","4",,"108","15",,"106395",4,15,"06/27/2025 00:00:00",4,15.00,"06/27/2025 00:00:00",108,
"2026/13/40","2",,"108","15","P_043","106411",2,15,,2,15.00,,108,"P_043"
"2026/13/40","2",,"108","15","P_043","106411",2,15,,2,15.00,,108,"P_043"
"6/10/2025","1",,"104","150","P_018","106424",1,150,"06/10/2025 00:00:00",1,,"06/10/2025 00:00:00",104,"P_018"
"2026/13/40","1",,"105","15","P_017","106438",1,15,,1,15.00,,105,"P_017"
"6/18/2025","1",,"107","20",,"106440",1,20,"06/18/2025 00:00:00",1,20.00,"06/18/2025 00:00:00",107,
"6/2/2025","3",,"102","15",,"106443",3,15,"06/02/2025 00:00:00",3,15.00,"06/02/2025 00:00:00",102,
"6/29/2025","1",,,"5","P_049","106453",1,5,"06/29/2025 00:00:00",1,5.00,"06/29/2025 00:00:00",,"P_049"
"2026/13/40","1",,"105","5","P_049","106462",1,5,,1,5.00,,105,"P_049"
"6/20/2025","0",,"103","5","P_045","106474",0,5,"06/20/2025 00:00:00",,5.00,"06/20/2025 00:00:00",103,"P_045"
"6/19/2025","0",,"101","20","P_045","106497",0,20,"06/19/2025 00:00:00",,20.00,"06/19/2025 00:00:00",101,"P_045"
"6/19/2025","3",,"106","150","P_028","106497",3,150,"06/19/2025 00:00:00",3,,"06/19/2025 00:00:00",106,"P_028"
"6/21/2025","3",,,"20","P_011","106521",3,20,"06/21/2025 00:00:00",3,20.00,"06/21/2025 00:00:00",,"P_011"
"6/17/2025","3",,"101","150","P_010","106551",3,150,"06/17/2025 00:00:00",3,,"06/17/2025 00:00:00",101,"P_010"
"6/1/2025","1",,,"10","P_042","106582",1,10,"06/01/2025 00:00:00",1,10.00,"06/01/2025 00:00:00",,"P_042"
"6/30/2025","0",,"101","5","P_048","106591",0,5,"06/30/2025 00:00:00",,5.00,"06/30/2025 00:00:00",101,"P_048"
"6/20/2025","1",,"103","15",,"106596",1,15,"06/20/2025 00:00:00",1,15.00,"06/20/2025 00:00:00",103,
"6/25/2025","1",,"102","10",,"106615",1,10,"06/25/2025 00:00:00",1,10.00,"06/25/2025 00:00:00",102,
"6/26/2025","0",,"104","10","P_017","106645",0,10,"06/26/2025 00:00:00",,10.00,"06/26/2025 00:00:00",104,"P_017"
"6/7/2025","1",,"107","150","P_038","106647",1,150,"06/07/2025 00:00:00",1,,"06/07/2025 00:00:00",107,"P_038"
"6/19/2025","5",,"101","150","P_031","106671",5,150,"06/19/2025 00:00:00",5,,"06/19/2025 00:00:00",101,"P_031"
"2026/13/40","3",,"103","15","P_012","106677",3,15,,3,15.00,,103,"P_012"
"6/17/2025","4",,,"0","P_035","106701",4,0,"06/17/2025 00:00:00",4,0.00,"06/17/2025 00:00:00",,"P_035"
"6/2/2025","1",,"106","150","P_017","106717",1,150,"06/02/2025 00:00:00",1,,"06/02/2025 00:00:00",106,"P_017"
"6/28/2025","5",,"107","5",,"106733",5,5,"06/28/2025 00:00:00",5,5.00,"06/28/2025 00:00:00",107,
"6/3/2025","2",,"108","15",,"106744",2,15,"06/03/2025 00:00:00",2,15.00,"06/03/2025 00:00:00",108,
"6/10/2025","2",,"102","150","P_043","106754",2,150,"06/10/2025 00:00:00",2,,"06/10/2025 00:00:00",102,"P_043"
"7/29/2025","3",,"101","150","P_049","106788",3,150,"07/29/2025 00:00:00",3,,"07/29/2025 00:00:00",101,"P_049"
"7/4/2025","1",,"103","15",,"106808",1,15,"07/04/2025 00:00:00",1,15.00,"07/04/2025 00:00:00",103,
"7/9/2025","2",,"101","10",,"106829",2,10,"07/09/2025 00:00:00",2,10.00,"07/09/2025 00:00:00",101,
"7/9/2025","2",,"101","10",,"106829",2,10,"07/09/2025 00:00:00",2,10.00,"07/09/2025 00:00:00",101,
"7/5/2025","5",,"106","150","P_009","106833",5,150,"07/05/2025 00:00:00",5,,"07/05/2025 00:00:00",106,"P_009"
"7/5/2025","0",,"105","20","P_049","106848",0,20,"07/05/2025 00:00:00",,20.00,"07/05/2025 00:00:00",105,"P_049"
"7/24/2025","3",,,"15","P_047","106868",3,15,"07/24/2025 00:00:00",3,15.00,"07/24/2025 00:00:00",,"P_047"
"7/6/2025","4",,"107","5",,"106932",4,5,"07/06/2025 00:00:00",4,5.00,"07/06/2025 00:00:00",107,
"2026/13/40","5",,"108","20","P_050","106935",5,20,,5,20.00,,108,"P_050"
"7/15/2025","1",,,"0","P_026","106945",1,0,"07/15/2025 00:00:00",1,0.00,"07/15/2025 00:00:00",,"P_026"
"7/10/2025","5",,"108","15",,"106967",5,15,"07/10/2025 00:00:00",5,15.00,"07/10/2025 00:00:00",108,
"7/10/2025","5",,"108","15",,"106967",5,15,"07/10/2025 00:00:00",5,15.00,"07/10/2025 00:00:00",108,
"7/31/2025","0",,"101","5","P_043","106968",0,5,"07/31/2025 00:00:00",,5.00,"07/31/2025 00:00:00",101,"P_043"
"7/22/2025","4",,"104","150","P_011","106980",4,150,"07/22/2025 00:00:00",4,,"07/22/2025 00:00:00",104,"P_011"
"7/22/2025","3",,"104","0",,"106991",3,0,"07/22/2025 00:00:00",3,0.00,"07/22/2025 00:00:00",104,
"2026/13/40","2",,"107","10","P_007","107003",2,10,,2,10.00,,107,"P_007"
"7/28/2025","2",,"104","10",,"107038",2,10,"07/28/2025 00:00:00",2,10.00,"07/28/2025 00:00:00",104,
"7/6/2025","1",,"105","20",,"107065",1,20,"07/06/2025 00:00:00",1,20.00,"07/06/2025 00:00:00",105,
"7/11/2025","5",,"107","150","P_045","107091",5,150,"07/11/2025 00:00:00",5,,"07/11/2025 00:00:00",107,"P_045"
"2026/13/40","3",,"106","15","P_036","107094",3,15,,3,15.00,,106,"P_036"
"2026/13/40","3",,"106","15","P_036","107094",3,15,,3,15.00,,106,"P_036"
"7/2/2025","1",,"105","150","P_032","107123",1,150,"07/02/2025 00:00:00",1,,"07/02/2025 00:00:00",105,"P_032"
"7/19/2025","1",,"102","10",,"107136",1,10,"07/19/2025 00:00:00",1,10.00,"07/19/2025 00:00:00",102,
"7/19/2025","5",,"103","20",,"107148",5,20,"07/19/2025 00:00:00",5,20.00,"07/19/2025 00:00:00",103,
"7/24/2025","4",,"102","20",,"107155",4,20,"07/24/2025 00:00:00",4,20.00,"07/24/2025 00:00:00",102,
"7/14/2025","0",,"101","0","P_017","107184",0,0,"07/14/2025 00:00:00",,0.00,"07/14/2025 00:00:00",101,"P_017"
"7/14/2025","5",,,"5","P_005","107184",5,5,"07/14/2025 00:00:00",5,5.00,"07/14/2025 00:00:00",,"P_005"
"2026/13/40","3",,"101","5","P_006","107190",3,5,,3,5.00,,101,"P_006"
"8/14/2025","1",,"105","10",,"107195",1,10,"08/14/2025 00:00:00",1,10.00,"08/14/2025 00:00:00",105,
"8/21/2025","4",,"103","15",,"107224",4,15,"08/21/2025 00:00:00",4,15.00,"08/21/2025 00:00:00",103,
"2026/13/40","1",,"101","5","P_045","107253",1,5,,1,5.00,,101,"P_045"
"8/25/2025","1",,"107","150","P_045","107296",1,150,"08/25/2025 00:00:00",1,,"08/25/2025 00:00:00",107,"P_045"
"8/12/2025","0",,"105","0","P_033","107349",0,0,"08/12/2025 00:00:00",,0.00,"08/12/2025 00:00:00",105,"P_033"
"8/24/2025","2",,,"5","P_021","107355",2,5,"08/24/2025 00:00:00",2,5.00,"08/24/2025 00:00:00",,"P_021"
"8/26/2025","2",,"104","10",,"107396",2,10,"08/26/2025 00:00:00",2,10.00,"08/26/2025 00:00:00",104,
"8/5/2025","3",,"105","10",,"107432",3,10,"08/05/2025 00:00:00",3,10.00,"08/05/2025 00:00:00",105,
"2026/13/40","5",,"101","15","P_045","107436",5,15,,5,15.00,,101,"P_045"
"2026/13/40","5",,"108","10","P_035","107457",5,10,,5,10.00,,108,"P_035"
"8/20/2025","1",,"106","5",,"107471",1,5,"08/20/2025 00:00:00",1,5.00,"08/20/2025 00:00:00",106,
"8/4/2025","4",,,"0","P_030","107472",4,0,"08/04/2025 00:00:00",4,0.00,"08/04/2025 00:00:00",,"P_030"
"8/30/2025","0",,"108","0","P_049","107488",0,0,"08/30/2025 00:00:00",,0.00,"08/30/2025 00:00:00",108,"P_049"
"2026/13/40","5",,"105","5","P_014","107497",5,5,,5,5.00,,105,"P_014"
"2026/13/40","5",,"105","5","P_014","107497",5,5,,5,5.00,,105,"P_014"
"8/17/2025","5",,"102","150","P_030","107505",5,150,"08/17/2025 00:00:00",5,,"08/17/2025 00:00:00",102,"P_030"
"8/9/2025","3",,"108","150","P_018","107518",3,150,"08/09/2025 00:00:00",3,,"08/09/2025 00:00:00",108,"P_018"
"8/9/2025","5",,,"0","P_037","107518",5,0,"08/09/2025 00:00:00",5,0.00,"08/09/2025 00:00:00",,"P_037"
"8/9/2025","3",,"108","150","P_018","107518",3,150,"08/09/2025 00:00:00",3,,"08/09/2025 00:00:00",108,"P_018"
"8/9/2025","5",,,"15","P_038","107555",5,15,"08/09/2025 00:00:00",5,15.00,"08/09/2025 00:00:00",,"P_038"
"8/14/2025","0",,"102","0","P_042","107573",0,0,"08/14/2025 00:00:00",,0.00,"08/14/2025 00:00:00",102,"P_042"
"8/25/2025","0",,"103","0","P_036","107579",0,0,"08/25/2025 00:00:00",,0.00,"08/25/2025 00:00:00",103,"P_036"
"8/26/2025","3",,"105","0",,"107587",3,0,"08/26/2025 00:00:00",3,0.00,"08/26/2025 00:00:00",105,
"8/9/2025","5",,"107","150","P_032","107602",5,150,"08/09/2025 00:00:00",5,,"08/09/2025 00:00:00",107,"P_032"
"8/10/2025","5",,"107","150","P_015","107607",5,150,"08/10/2025 00:00:00",5,,"08/10/2025 00:00:00",107,"P_015"
"2026/13/40","5",,"106","5","P_030","107616",5,5,,5,5.00,,106,"P_030"
"9/11/2025","0",,"104","5","P_032","107656",0,5,"09/11/2025 00:00:00",,5.00,"09/11/2025 00:00:00",104,"P_032"
"9/4/2025","0",,"104","20","P_024","107663",0,20,"09/04/2025 00:00:00",,20.00,"09/04/2025 00:00:00",104,"P_024"
"9/11/2025","2",,,"10","P_031","107676",2,10,"09/11/2025 00:00:00",2,10.00,"09/11/2025 00:00:00",,"P_031"
"9/6/2025","1",,"105","5",,"107705",1,5,"09/06/2025 00:00:00",1,5.00,"09/06/2025 00:00:00",105,
"9/11/2025","3",,,"0","P_001","107715",3,0,"09/11/2025 00:00:00",3,0.00,"09/11/2025 00:00:00",,"P_001"
"9/5/2025","1",,,"0","P_047","107716",1,0,"09/05/2025 00:00:00",1,0.00,"09/05/2025 00:00:00",,"P_047"
"9/15/2025","1",,"101","150","P_049","107733",1,150,"09/15/2025 00:00:00",1,,"09/15/2025 00:00:00",101,"P_049"
"9/6/2025","1",,"103","20",,"107743",1,20,"09/06/2025 00:00:00",1,20.00,"09/06/2025 00:00:00",103,
"9/12/2025","4",,"103","10",,"107766",4,10,"09/12/2025 00:00:00",4,10.00,"09/12/2025 00:00:00",103,
"9/7/2025","1",,"106","150","P_038","107801",1,150,"09/07/2025 00:00:00",1,,"09/07/2025 00:00:00",106,"P_038"
"9/29/2025","3",,"107","150","P_010","107805",3,150,"09/29/2025 00:00:00",3,,"09/29/2025 00:00:00",107,"P_010"
"9/21/2025","4",,"106","0",,"107810",4,0,"09/21/2025 00:00:00",4,0.00,"09/21/2025 00:00:00",106,
"9/21/2025","4",,"106","0",,"107810",4,0,"09/21/2025 00:00:00",4,0.00,"09/21/2025 00:00:00",106,
"2026/13/40","3",,"108","20","P_026","107828",3,20,,3,20.00,,108,"P_026"
"9/29/2025","2",,,"0","P_044","107830",2,0,"09/29/2025 00:00:00",2,0.00,"09/29/2025 00:00:00",,"P_044"
"9/3/2025","4",,"103","10",,"107842",4,10,"09/03/2025 00:00:00",4,10.00,"09/03/2025 00:00:00",103,
"2026/13/40","3",,"106","5","P_023","107847",3,5,,3,5.00,,106,"P_023"
"2026/13/40","3",,"106","0","P_025","107860",3,0,,3,0.00,,106,"P_025"
"9/12/2025","2",,,"0","P_021","107868",2,0,"09/12/2025 00:00:00",2,0.00,"09/12/2025 00:00:00",,"P_021"
"9/11/2025","4",,"107","150","P_008","107881",4,150,"09/11/2025 00:00:00",4,,"09/11/2025 00:00:00",107,"P_008"
"9/7/2025","2",,"106","150","P_023","107900",2,150,"09/07/2025 00:00:00",2,,"09/07/2025 00:00:00",106,"P_023"
"9/19/2025","5",,"108","150","P_031","107924",5,150,"09/19/2025 00:00:00",5,,"09/19/2025 00:00:00",108,"P_031"
"2026/13/40","3",,"107","5","P_011","107926",3,5,,3,5.00,,107,"P_011"
"9/13/2025","0",,"108","10","P_007","107975",0,10,"09/13/2025 00:00:00",,10.00,"09/13/2025 00:00:00",108,"P_007"
"9/8/2025","0",,"102","0","P_046","107991",0,0,"09/08/2025 00:00:00",,0.00,"09/08/2025 00:00:00",102,"P_046"
"9/21/2025","1",,,"20","P_015","108015",1,20,"09/21/2025 00:00:00",1,20.00,"09/21/2025 00:00:00",,"P_015"
"9/13/2025","5",,"107","0",,"108020",5,0,"09/13/2025 00:00:00",5,0.00,"09/13/2025 00:00:00",107,
"9/29/2025","1",,"103","150","P_035","108073",1,150,"09/29/2025 00:00:00",1,,"09/29/2025 00:00:00",103,"P_035"
"9/2/2025","0",,"101","10","P_018","108083",0,10,"09/02/2025 00:00:00",,10.00,"09/02/2025 00:00:00",101,"P_018"
"9/1/2025","0",,"104","0","P_020","108086",0,0,"09/01/2025 00:00:00",,0.00,"09/01/2025 00:00:00",104,"P_020"
"2026/13/40","4",,"104","0","P_023","108090",4,0,,4,0.00,,104,"P_023"
"2026/13/40","4",,"104","0","P_023","108090",4,0,,4,0.00,,104,"P_023"
"9/5/2025","1",,,"10","P_003","108091",1,10,"09/05/2025 00:00:00",1,10.00,"09/05/2025 00:00:00",,"P_003"
"9/26/2025","2",,"106","5",,"108093",2,5,"09/26/2025 00:00:00",2,5.00,"09/26/2025 00:00:00",106,
"9/14/2025","3",,"107","5",,"108102",3,5,"09/14/2025 00:00:00",3,5.00,"09/14/2025 00:00:00",107,
"9/26/2025","0",,"101","5","P_022","108116",0,5,"09/26/2025 00:00:00",,5.00,"09/26/2025 00:00:00",101,"P_022"
"9/7/2025","1",,"103","5",,"108117",1,5,"09/07/2025 00:00:00",1,5.00,"09/07/2025 00:00:00",103,
"10/25/2025","1",,"104","15",,"108138",1,15,"10/25/2025 00:00:00",1,15.00,"10/25/2025 00:00:00",104,
"10/5/2025","3",,,"5","P_022","108142",3,5,"10/05/2025 00:00:00",3,5.00,"10/05/2025 00:00:00",,"P_022"
"10/5/2025","3",,,"5","P_022","108142",3,5,"10/05/2025 00:00:00",3,5.00,"10/05/2025 00:00:00",,"P_022"
"10/12/2025","4",,"106","150","P_018","108159",4,150,"10/12/2025 00:00:00",4,,"10/12/2025 00:00:00",106,"P_018"
"10/18/2025","1",,,"10","P_025","108185",1,10,"10/18/2025 00:00:00",1,10.00,"10/18/2025 00:00:00",,"P_025"
"10/31/2025","3",,,"0","P_041","108210",3,0,"10/31/2025 00:00:00",3,0.00,"10/31/2025 00:00:00",,"P_041"
"10/3/2025","3",,"107","0",,"108214",3,0,"10/03/2025 00:00:00",3,0.00,"10/03/2025 00:00:00",107,
"2026/13/40","1",,"104","0","P_033","108236",1,0,,1,0.00,,104,"P_033"
"10/5/2025","1",,"107","150","P_039","108255",1,150,"10/05/2025 00:00:00",1,,"10/05/2025 00:00:00",107,"P_039"
"10/16/2025","0",,"102","10","P_044","108278",0,10,"10/16/2025 00:00:00",,10.00,"10/16/2025 00:00:00",102,"P_044"
"10/23/2025","3",,"108","15",,"108283",3,15,"10/23/2025 00:00:00",3,15.00,"10/23/2025 00:00:00",108,
"10/23/2025","3",,"108","15",,"108283",3,15,"10/23/2025 00:00:00",3,15.00,"10/23/2025 00:00:00",108,
"2026/13/40","1",,"105","10","P_037","108291",1,10,,1,10.00,,105,"P_037"
"10/25/2025","2",,"103","20",,"108321",2,20,"10/25/2025 00:00:00",2,20.00,"10/25/2025 00:00:00",103,
"2026/13/40","5",,"101","5","P_028","108328",5,5,,5,5.00,,101,"P_028"
"10/7/2025","2",,"107","150","P_039","108329",2,150,"10/07/2025 00:00:00",2,,"10/07/2025 00:00:00",107,"P_039"
"10/17/2025","0",,"102","0","P_018","108352",0,0,"10/17/2025 00:00:00",,0.00,"10/17/2025 00:00:00",102,"P_018"
"10/18/2025","0",,"105","0","P_031","108365",0,0,"10/18/2025 00:00:00",,0.00,"10/18/2025 00:00:00",105,"P_031"
"10/23/2025","1",,"108","10",,"108371",1,10,"10/23/2025 00:00:00",1,10.00,"10/23/2025 00:00:00",108,
"2026/13/40","1",,"103","5","P_045","108417",1,5,,1,5.00,,103,"P_045"
"10/13/2025","0",,"105","0","P_023","108431",0,0,"10/13/2025 00:00:00",,0.00,"10/13/2025 00:00:00",105,"P_023"
"10/27/2025","2",,,"15","P_027","108441",2,15,"10/27/2025 00:00:00",2,15.00,"10/27/2025 00:00:00",,"P_027"
"10/22/2025","5",,,"20","P_019","108456",5,20,"10/22/2025 00:00:00",5,20.00,"10/22/2025 00:00:00",,"P_019"
"10/24/2025","3",,"104","0",,"108457",3,0,"10/24/2025 00:00:00",3,0.00,"10/24/2025 00:00:00",104,
"11/27/2025","2",,"104","5",,"108496",2,5,"11/27/2025 00:00:00",2,5.00,"11/27/2025 00:00:00",104,
"11/2/2025","1",,"102","15",,"108501",1,15,"11/02/2025 00:00:00",1,15.00,"11/02/2025 00:00:00",102,
"11/14/2025","1",,"104","15",,"108502",1,15,"11/14/2025 00:00:00",1,15.00,"11/14/2025 00:00:00",104,
"11/17/2025","0",,"101","20","P_017","108506",0,20,"11/17/2025 00:00:00",,20.00,"11/17/2025 00:00:00",101,"P_017"
"11/27/2025","5",,"103","10",,"108514",5,10,"11/27/2025 00:00:00",5,10.00,"11/27/2025 00:00:00",103,
"11/4/2025","3",,"105","150","P_031","108517",3,150,"11/04/2025 00:00:00",3,,"11/04/2025 00:00:00",105,"P_031"
"11/24/2025","2",,"106","20",,"108549",2,20,"11/24/2025 00:00:00",2,20.00,"11/24/2025 00:00:00",106,
"11/1/2025","0",,"106","20","P_045","108556",0,20,"11/01/2025 00:00:00",,20.00,"11/01/2025 00:00:00",106,"P_045"
"11/1/2025","3",,,"15","P_018","108556",3,15,"11/01/2025 00:00:00",3,15.00,"11/01/2025 00:00:00",,"P_018"
"11/11/2025","0",,"108","0","P_039","108586",0,0,"11/11/2025 00:00:00",,0.00,"11/11/2025 00:00:00",108,"P_039"
"11/13/2025","5",,,"5","P_004","108588",5,5,"11/13/2025 00:00:00",5,5.00,"11/13/2025 00:00:00",,"P_004"
"2026/13/40","1",,"104","20","P_042","108603",1,20,,1,20.00,,104,"P_042"
"2026/13/40","1",,"104","20","P_042","108603",1,20,,1,20.00,,104,"P_042"
"11/2/2025","3",,"101","20",,"108615",3,20,"11/02/2025 00:00:00",3,20.00,"11/02/2025 00:00:00",101,
"11/5/2025","4",,"108","150","P_029","108619",4,150,"11/05/2025 00:00:00",4,,"11/05/2025 00:00:00",108,"P_029"
"11/5/2025","0",,"108","0","P_007","108649",0,0,"11/05/2025 00:00:00",,0.00,"11/05/2025 00:00:00",108,"P_007"
"2026/13/40","1",,"106","0","P_044","108656",1,0,,1,0.00,,106,"P_044"
"11/13/2025","0",,"104","20","P_010","108667",0,20,"11/13/2025 00:00:00",,20.00,"11/13/2025 00:00:00",104,"P_010"
"2026/13/40","2",,"106","15","P_041","108675",2,15,,2,15.00,,106,"P_041"
"11/28/2025","2",,"106","15",,"108684",2,15,"11/28/2025 00:00:00",2,15.00,"11/28/2025 00:00:00",106,
"11/1/2025","1",,"103","20",,"108740",1,20,"11/01/2025 00:00:00",1,20.00,"11/01/2025 00:00:00",103,
"11/14/2025","4",,,"10","P_035","108772",4,10,"11/14/2025 00:00:00",4,10.00,"11/14/2025 00:00:00",,"P_035"
"11/4/2025","4",,"106","15",,"108774",4,15,"11/04/2025 00:00:00",4,15.00,"11/04/2025 00:00:00",106,
"11/2/2025","5",,"105","20",,"108781",5,20,"11/02/2025 00:00:00",5,20.00,"11/02/2025 00:00:00",105,
"11/26/2025","3",,,"0","P_030","108792",3,0,"11/26/2025 00:00:00",3,0.00,"11/26/2025 00:00:00",,"P_030"
"11/12/2025","0",,"106","20","P_013","108802",0,20,"11/12/2025 00:00:00",,20.00,"11/12/2025 00:00:00",106,"P_013"
"11/2/2025","2",,,"20","P_001","108803",2,20,"11/02/2025 00:00:00",2,20.00,"11/02/2025 00:00:00",,"P_001"
"11/24/2025","5",,,"10","P_043","108806",5,10,"11/24/2025 00:00:00",5,10.00,"11/24/2025 00:00:00",,"P_043"
"11/26/2025","3",,"106","20",,"108812",3,20,"11/26/2025 00:00:00",3,20.00,"11/26/2025 00:00:00",106,
"11/8/2025","5",,,"15","P_026","108813",5,15,"11/08/2025 00:00:00",5,15.00,"11/08/2025 00:00:00",,"P_026"
"11/11/2025","0",,"108","15","P_042","108827",0,15,"11/11/2025 00:00:00",,15.00,"11/11/2025 00:00:00",108,"P_042"
"11/4/2025","4",,"101","5",,"108839",4,5,"11/04/2025 00:00:00",4,5.00,"11/04/2025 00:00:00",101,
"2026/13/40","3",,"107","10","P_023","108887",3,10,,3,10.00,,107,"P_023"
"12/14/2025","3",,"106","5",,"108890",3,5,"12/14/2025 00:00:00",3,5.00,"12/14/2025 00:00:00",106,
"12/14/2025","0",,"106","0","P_050","108904",0,0,"12/14/2025 00:00:00",,0.00,"12/14/2025 00:00:00",106,"P_050"
"12/25/2025","3",,"105","15",,"108927",3,15,"12/25/2025 00:00:00",3,15.00,"12/25/2025 00:00:00",105,
"12/14/2025","5",,"105","5",,"108934",5,5,"12/14/2025 00:00:00",5,5.00,"12/14/2025 00:00:00",105,
"12/4/2025","0",,"104","15","P_007","108949",0,15,"12/04/2025 00:00:00",,15.00,"12/04/2025 00:00:00",104,"P_007"
"12/28/2025","1",,,"5","P_029","108967",1,5,"12/28/2025 00:00:00",1,5.00,"12/28/2025 00:00:00",,"P_029"
"12/21/2025","1",,,"0","P_031","108972",1,0,"12/21/2025 00:00:00",1,0.00,"12/21/2025 00:00:00",,"P_031"
"12/21/2025","1",,,"0","P_031","108972",1,0,"12/21/2025 00:00:00",1,0.00,"12/21/2025 00:00:00",,"P_031"
"12/7/2025","2",,"101","0",,"108993",2,0,"12/07/2025 00:00:00",2,0.00,"12/07/2025 00:00:00",101,
"12/30/2025","0",,"106","0","P_045","109032",0,0,"12/30/2025 00:00:00",,0.00,"12/30/2025 00:00:00",106,"P_045"
"12/13/2025","1",,"108","5",,"109039",1,5,"12/13/2025 00:00:00",1,5.00,"12/13/2025 00:00:00",108,
"12/8/2025","0",,"106","20","P_014","109044",0,20,"12/08/2025 00:00:00",,20.00,"12/08/2025 00:00:00",106,"P_014"
"12/14/2025","0",,"105","15","P_021","109068",0,15,"12/14/2025 00:00:00",,15.00,"12/14/2025 00:00:00",105,"P_021"
"2026/13/40","3",,"104","5","P_044","109070",3,5,,3,5.00,,104,"P_044"
"12/17/2025","3",,"108","0",,"109072",3,0,"12/17/2025 00:00:00",3,0.00,"12/17/2025 00:00:00",108,
"12/10/2025","4",,"107","10",,"109074",4,10,"12/10/2025 00:00:00",4,10.00,"12/10/2025 00:00:00",107,
"12/21/2025","3",,,"0","P_010","109084",3,0,"12/21/2025 00:00:00",3,0.00,"12/21/2025 00:00:00",,"P_010"
"12/7/2025","1",,,"5","P_019","109109",1,5,"12/07/2025 00:00:00",1,5.00,"12/07/2025 00:00:00",,"P_019"
"12/31/2025","4",,"108","20",,"109120",4,20,"12/31/2025 00:00:00",4,20.00,"12/31/2025 00:00:00",108,
"2026/13/40","4",,"108","20","P_032","109126",4,20,,4,20.00,,108,"P_032"
"2026/13/40","3",,"107","0","P_049","109177",3,0,,3,0.00,,107,"P_049"
"2026/13/40","2",,"101","5","P_047","109183",2,5,,2,5.00,,101,"P_047"
"12/4/2025","0",,"104","10","P_010","109187",0,10,"12/04/2025 00:00:00",,10.00,"12/04/2025 00:00:00",104,"P_010"
"12/2/2025","3",,"104","150","P_031","109194",3,150,"12/02/2025 00:00:00",3,,"12/02/2025 00:00:00",104,"P_031"
"12/25/2025","0",,"101","15","P_013","109213",0,15,"12/25/2025 00:00:00",,15.00,"12/25/2025 00:00:00",101,"P_013"
"12/3/2025","1",,,"15","P_024","109223",1,15,"12/03/2025 00:00:00",1,15.00,"12/03/2025 00:00:00",,"P_024"
"12/4/2025","0",,"104","0","P_040","109236",0,0,"12/04/2025 00:00:00",,0.00,"12/04/2025 00:00:00",104,"P_040"
"12/23/2025","1",,,"20","P_029","109250",1,20,"12/23/2025 00:00:00",1,20.00,"12/23/2025 00:00:00",,"P_029"
"12/26/2025","5",,"108","15",,"109258",5,15,"12/26/2025 00:00:00",5,15.00,"12/26/2025 00:00:00",108,
"12/7/2025","1",,,"5","P_018","109291",1,5,"12/07/2025 00:00:00",1,5.00,"12/07/2025 00:00:00",,"P_018"
"12/16/2025","1",,"108","10",,"109316",1,10,"12/16/2025 00:00:00",1,10.00,"12/16/2025 00:00:00",108,
"1/16/2026","0",,"106","15","P_028","109328",0,15,"01/16/2026 00:00:00",,15.00,"01/16/2026 00:00:00",106,"P_028"
"1/20/2026","2",,,"0","P_029","109344",2,0,"01/20/2026 00:00:00",2,0.00,"01/20/2026 00:00:00",,"P_029"
"1/20/2026","2",,,"0","P_029","109344",2,0,"01/20/2026 00:00:00",2,0.00,"01/20/2026 00:00:00",,"P_029"
"1/28/2026","1",,"103","10",,"109372",1,10,"01/28/2026 00:00:00",1,10.00,"01/28/2026 00:00:00",103,
"2026/13/40","3",,"103","20","P_047","109373",3,20,,3,20.00,,103,"P_047"
"1/13/2026","4",,"106","5",,"109377",4,5,"01/13/2026 00:00:00",4,5.00,"01/13/2026 00:00:00",106,
"1/1/2026","4",,"103","150","P_044","109386",4,150,"01/01/2026 00:00:00",4,,"01/01/2026 00:00:00",103,"P_044"
"1/16/2026","1",,"104","0",,"109423",1,0,"01/16/2026 00:00:00",1,0.00,"01/16/2026 00:00:00",104,
"2026/13/40","1",,"102","5","P_039","109423",1,5,,1,5.00,,102,"P_039"
"1/21/2026","0",,"106","20","P_023","109424",0,20,"01/21/2026 00:00:00",,20.00,"01/21/2026 00:00:00",106,"P_023"
"1/25/2026","0",,"108","5","P_025","109433",0,5,"01/25/2026 00:00:00",,5.00,"01/25/2026 00:00:00",108,"P_025"
"1/15/2026","2",,,"5","P_008","109439",2,5,"01/15/2026 00:00:00",2,5.00,"01/15/2026 00:00:00",,"P_008"
"2026/13/40","5",,"106","15","P_012","109463",5,15,,5,15.00,,106,"P_012"
"1/13/2026","5",,"108","10",,"109469",5,10,"01/13/2026 00:00:00",5,10.00,"01/13/2026 00:00:00",108,
"1/17/2026","5",,"101","15",,"109492",5,15,"01/17/2026 00:00:00",5,15.00,"01/17/2026 00:00:00",101,
"1/9/2026","4",,"107","150","P_025","109530",4,150,"01/09/2026 00:00:00",4,,"01/09/2026 00:00:00",107,"P_025"
"1/16/2026","4",,"105","0",,"109560",4,0,"01/16/2026 00:00:00",4,0.00,"01/16/2026 00:00:00",105,
"1/31/2026","4",,"103","10",,"109569",4,10,"01/31/2026 00:00:00",4,10.00,"01/31/2026 00:00:00",103,
"1/2/2026","0",,"107","10","P_016","109572",0,10,"01/02/2026 00:00:00",,10.00,"01/02/2026 00:00:00",107,"P_016"
"2026/13/40","4",,"101","20","P_007","109623",4,20,,4,20.00,,101,"P_007"
"1/29/2026","3",,"101","20",,"109644",3,20,"01/29/2026 00:00:00",3,20.00,"01/29/2026 00:00:00",101,
"1/26/2026","0",,"108","10","P_031","109651",0,10,"01/26/2026 00:00:00",,10.00,"01/26/2026 00:00:00",108,"P_031"
"1/26/2026","0",,"108","10","P_031","109651",0,10,"01/26/2026 00:00:00",,10.00,"01/26/2026 00:00:00",108,"P_031"
"1/13/2026","5",,"102","150","P_018","109655",5,150,"01/13/2026 00:00:00",5,,"01/13/2026 00:00:00",102,"P_018"
"2026/13/40","3",,"101","5","P_005","109672",3,5,,3,5.00,,101,"P_005"
"1/11/2026","5",,"102","20",,"109676",5,20,"01/11/2026 00:00:00",5,20.00,"01/11/2026 00:00:00",102,
"1/11/2026","5",,"102","20",,"109676",5,20,"01/11/2026 00:00:00",5,20.00,"01/11/2026 00:00:00",102,
"2/6/2026","1",,"101","5",,"109681",1,5,"02/06/2026 00:00:00",1,5.00,"02/06/2026 00:00:00",101,
"2/26/2026","0",,"105","5","P_012","109696",0,5,"02/26/2026 00:00:00",,5.00,"02/26/2026 00:00:00",105,"P_012"
"2026/13/40","5",,"103","5","P_016","109698",5,5,,5,5.00,,103,"P_016"
"2/17/2026","1",,"103","0",,"109706",1,0,"02/17/2026 00:00:00",1,0.00,"02/17/2026 00:00:00",103,
"2/10/2026","4",,"108","5",,"109709",4,5,"02/10/2026 00:00:00",4,5.00,"02/10/2026 00:00:00",108,
"2/15/2026","3",,"106","20",,"109721",3,20,"02/15/2026 00:00:00",3,20.00,"02/15/2026 00:00:00",106,
"2026/13/40","4",,"101","0","P_004","109725",4,0,,4,0.00,,101,"P_004"
"2026/13/40","4",,"101","0","P_004","109725",4,0,,4,0.00,,101,"P_004"
"2/27/2026","5",,"101","0",,"109726",5,0,"02/27/2026 00:00:00",5,0.00,"02/27/2026 00:00:00",101,
"2/22/2026","2",,"108","15",,"109740",2,15,"02/22/2026 00:00:00",2,15.00,"02/22/2026 00:00:00",108,
"2026/13/40","5",,"107","20","P_039","109746",5,20,,5,20.00,,107,"P_039"
"2026/13/40","5",,"104","5","P_027","109750",5,5,,5,5.00,,104,"P_027"
"2/5/2026","0",,"104","5","P_006","109760",0,5,"02/05/2026 00:00:00",,5.00,"02/05/2026 00:00:00",104,"P_006"
"2/22/2026","2",,,"0","P_001","109803",2,0,"02/22/2026 00:00:00",2,0.00,"02/22/2026 00:00:00",,"P_001"
"2026/13/40","2",,"107","20","P_013","109809",2,20,,2,20.00,,107,"P_013"
"2/4/2026","1",,"107","5",,"109811",1,5,"02/04/2026 00:00:00",1,5.00,"02/04/2026 00:00:00",107,
"2/15/2026","3",,"103","5",,"109819",3,5,"02/15/2026 00:00:00",3,5.00,"02/15/2026 00:00:00",103,
"2026/13/40","4",,"101","0","P_029","109822",4,0,,4,0.00,,101,"P_029"
"2/9/2026","1",,"103","5",,"109905",1,5,"02/09/2026 00:00:00",1,5.00,"02/09/2026 00:00:00",103,
"2/9/2026","1",,"103","5",,"109905",1,5,"02/09/2026 00:00:00",1,5.00,"02/09/2026 00:00:00",103,
"2/27/2026","3",,"103","5",,"109925",3,5,"02/27/2026 00:00:00",3,5.00,"02/27/2026 00:00:00",103,
"2/7/2026","0",,"105","15","P_002","109929",0,15,"02/07/2026 00:00:00",,15.00,"02/07/2026 00:00:00",105,"P_002"
"2/26/2026","1",,"105","10",,"109930",1,10,"02/26/2026 00:00:00",1,10.00,"02/26/2026 00:00:00",105,
"2/5/2026","4",,"108","10",,"109934",4,10,"02/05/2026 00:00:00",4,10.00,"02/05/2026 00:00:00",108,
"2/9/2026","4",,"106","15",,"109939",4,15,"02/09/2026 00:00:00",4,15.00,"02/09/2026 00:00:00",106,
"2/6/2026","0",,"101","15","P_003","109941",0,15,"02/06/2026 00:00:00",,15.00,"02/06/2026 00:00:00",101,"P_003"
"2/6/2026","1",,"106","20",,"109941",1,20,"02/06/2026 00:00:00",1,20.00,"02/06/2026 00:00:00",106,
"2/5/2026","3",,"106","150","P_029","109947",3,150,"02/05/2026 00:00:00",3,,"02/05/2026 00:00:00",106,"P_029"
"2026/13/40","5",,"104","0","P_013","109970",5,0,,5,0.00,,104,"P_013"
"2/16/2026","4",,"102","10",,"109972",4,10,"02/16/2026 00:00:00",4,10.00,"02/16/2026 00:00:00",102,
"2/5/2026","3",,"106","20",,"109979",3,20,"02/05/2026 00:00:00",3,20.00,"02/05/2026 00:00:00",106,
"2026/13/40","4",,"105","0","P_029","109979",4,0,,4,0.00,,105,"P_029"
"2/5/2026","3",,"106","20",,"109979",3,20,"02/05/2026 00:00:00",3,20.00,"02/05/2026 00:00:00",106,
"2/9/2026","4",,"105","5",,"110000",4,5,"02/09/2026 00:00:00",4,5.00,"02/09/2026 00:00:00",105,
"2026/13/40","4",,"103","5","P_011","110051",4,5,,4,5.00,,103,"P_011"
"2/23/2026","4",,,"20","P_046","110058",4,20,"02/23/2026 00:00:00",4,20.00,"02/23/2026 00:00:00",,"P_046"
"2/23/2026","4",,,"0","P_039","110078",4,0,"02/23/2026 00:00:00",4,0.00,"02/23/2026 00:00:00",,"P_039"
"2/11/2026","5",,"105","150","P_048","110115",5,150,"02/11/2026 00:00:00",5,,"02/11/2026 00:00:00",105,"P_048"
"2/6/2026","2",,"107","10",,"110125",2,10,"02/06/2026 00:00:00",2,10.00,"02/06/2026 00:00:00",107,
"2/16/2026","3",,"108","15",,"110127",3,15,"02/16/2026 00:00:00",3,15.00,"02/16/2026 00:00:00",108,
"2/4/2026","4",,"106","5",,"110128",4,5,"02/04/2026 00:00:00",4,5.00,"02/04/2026 00:00:00",106,
"2/7/2026","3",,,"10","P_040","110166",3,10,"02/07/2026 00:00:00",3,10.00,"02/07/2026 00:00:00",,"P_040"
"3/30/2026","0",,"106","0","P_029","110178",0,0,"03/30/2026 00:00:00",,0.00,"03/30/2026 00:00:00",106,"P_029"
"3/30/2026","0",,"103","20","P_024","110195",0,20,"03/30/2026 00:00:00",,20.00,"03/30/2026 00:00:00",103,"P_024"
"3/22/2026","5",,"108","20",,"110202",5,20,"03/22/2026 00:00:00",5,20.00,"03/22/2026 00:00:00",108,
"3/4/2026","4",,"104","150","P_027","110209",4,150,"03/04/2026 00:00:00",4,,"03/04/2026 00:00:00",104,"P_027"
"3/12/2026","0",,"103","5","P_008","110233",0,5,"03/12/2026 00:00:00",,5.00,"03/12/2026 00:00:00",103,"P_008"
"3/21/2026","2",,"107","150","P_012","110263",2,150,"03/21/2026 00:00:00",2,,"03/21/2026 00:00:00",107,"P_012"
"3/20/2026","4",,"108","150","P_036","110271",4,150,"03/20/2026 00:00:00",4,,"03/20/2026 00:00:00",108,"P_036"
"3/8/2026","2",,"101","15",,"110272",2,15,"03/08/2026 00:00:00",2,15.00,"03/08/2026 00:00:00",101,
"3/8/2026","2",,"101","15",,"110272",2,15,"03/08/2026 00:00:00",2,15.00,"03/08/2026 00:00:00",101,
"3/23/2026","0",,"105","10","P_016","110279",0,10,"03/23/2026 00:00:00",,10.00,"03/23/2026 00:00:00",105,"P_016"
"2026/13/40","4",,"105","20","P_020","110280",4,20,,4,20.00,,105,"P_020"
"3/13/2026","2",,"105","10",,"110310",2,10,"03/13/2026 00:00:00",2,10.00,"03/13/2026 00:00:00",105,
"2026/13/40","4",,"108","5","P_032","110327",4,5,,4,5.00,,108,"P_032"
"3/9/2026","3",,"108","0",,"110338",3,0,"03/09/2026 00:00:00",3,0.00,"03/09/2026 00:00:00",108,
"3/9/2026","5",,"103","150","P_008","110338",5,150,"03/09/2026 00:00:00",5,,"03/09/2026 00:00:00",103,"P_008"
"3/9/2026","1",,"107","0",,"110345",1,0,"03/09/2026 00:00:00",1,0.00,"03/09/2026 00:00:00",107,
"2026/13/40","2",,"107","15","P_032","110367",2,15,,2,15.00,,107,"P_032"
"3/7/2026","4",,"104","150","P_049","110394",4,150,"03/07/2026 00:00:00",4,,"03/07/2026 00:00:00",104,"P_049"
"3/30/2026","5",,"103","20",,"110400",5,20,"03/30/2026 00:00:00",5,20.00,"03/30/2026 00:00:00",103,
"3/4/2026","2",,"108","10",,"110436",2,10,"03/04/2026 00:00:00",2,10.00,"03/04/2026 00:00:00",108,
"3/28/2026","0",,"105","5","P_024","110453",0,5,"03/28/2026 00:00:00",,5.00,"03/28/2026 00:00:00",105,"P_024"
"3/10/2026","5",,"103","150","P_005","110461",5,150,"03/10/2026 00:00:00",5,,"03/10/2026 00:00:00",103,"P_005"
"3/23/2026","1",,"106","5",,"110490",1,5,"03/23/2026 00:00:00",1,5.00,"03/23/2026 00:00:00",106,
"2026/13/40","2",,"103","15","P_027","110490",2,15,,2,15.00,,103,"P_027"
"3/8/2026","5",,"108","5",,"110505",5,5,"03/08/2026 00:00:00",5,5.00,"03/08/2026 00:00:00",108,
"3/28/2026","5",,"108","150","P_010","110564",5,150,"03/28/2026 00:00:00",5,,"03/28/2026 00:00:00",108,"P_010"
"3/25/2026","4",,"105","150","P_028","110567",4,150,"03/25/2026 00:00:00",4,,"03/25/2026 00:00:00",105,"P_028"
"3/27/2026","0",,"106","15","P_007","110602",0,15,"03/27/2026 00:00:00",,15.00,"03/27/2026 00:00:00",106,"P_007"
"3/10/2026","1",,"102","0",,"110603",1,0,"03/10/2026 00:00:00",1,0.00,"03/10/2026 00:00:00",102,
